Name,Type,Units,Source,Definition
borough,Text,N/A,https://donnees.montreal.ca/dataset/limites-administratives-agglomeration,"Name of the Montreal borough, used to match and combine records across datasets."
Total theft,Decimal,Incidents,Crime data: https://www.donneesquebec.ca/recherche/dataset/vmtl-actes-criminels; Population: Project,Retained 2021 theft incidents.
theft_acts_per_capita,Decimal,Incidents/resident,Crime data: https://www.donneesquebec.ca/recherche/dataset/vmtl-actes-criminels; Population: Project,Retained 2021 theft incidents divided by 2021 population.
Total break_in,Decimal,Incidents,Crime data: https://www.donneesquebec.ca/recherche/dataset/vmtl-actes-criminels; Population: Project,Retained 2021 break in incidents.
break_in_acts_per_capita,Decimal,Incidents/resident,Crime data: https://www.donneesquebec.ca/recherche/dataset/vmtl-actes-criminels; Population: Project,Retained 2021 number of break in incidents divided by 2021 population.
Total misdemeanor,Decimal,Incidents,Crime data: https://www.donneesquebec.ca/recherche/dataset/vmtl-actes-criminels; Population: Project,Retained 2021 number of misdemeanor incidents.
misdemeanor_acts_per_capita,Decimal,Incidents/resident,Crime data: https://www.donneesquebec.ca/recherche/dataset/vmtl-actes-criminels; Population: Project,Retained 2021 misdemeanor incidents divided by 2021 population.
Total death,Decimal,Incidents/resident,Crime data: https://www.donneesquebec.ca/recherche/dataset/vmtl-actes-criminels; Population: Project,Retained 2021 deaths.
death_acts_per_capita,Decimal,Incidents/resident,Crime data: https://www.donneesquebec.ca/recherche/dataset/vmtl-actes-criminels; Population: Project,Retained 2021 number of deaths divided by 2021 population
POPULATION,Integer-valued decimal,People, "2021 Census data: https://ville.montreal.qc.ca/portal/page?_pageid=6897,68149701&_dad=portal&_schema=PORTAL" ,2021 population aged 0–14
total_area (ha),Decimal,Hectares,"2021 Census data: https://ville.montreal.qc.ca/portal/page?_pageid=6897,68149701&_dad=portal&_schema=PORTAL",borough area in square kilometres multiplied by 100.
green_area (ha),Decimal,Hectares,Montréal parks and public spaces: https://donnees.montreal.ca/dataset/grands-parcs-parcs-d-arrondissements-et-espaces-publics/resource/f34c3555-c285-4ef3-a55c-f0f5c440ad2d,"The total area, in hectares, of the selected parks managed by each borough"
green_area (%),Decimal,Percent,Québec school locations: https://www.donneesquebec.ca/recherche/dataset/localisation-des-etablissements-d-enseignement-du-reseau-scolaire-au-quebec/resource/c6640a54-bc4b-43ec-864e-6c325dce61bc,100 × green_area (ha) / total_area (ha).
num_children,Integer-valued decimal,Children,"2021 Census data: https://ville.montreal.qc.ca/portal/page?_pageid=6897,68149701&_dad=portal&_schema=PORTAL",2021 population aged 0–14
num_schools,Integer-valued decimal,Schools,Montréal 311 service requests: https://www.donneesquebec.ca/recherche/dataset/vmtl-requete-311/resource/dbfc05f8-b939-4639-ae52-2e77f738e43f,Retained establishments assigned geographically to each borough.
children_per_school,Decimal,Children/school,Montréal 311 service requests: https://www.donneesquebec.ca/recherche/dataset/vmtl-requete-311/resource/dbfc05f8-b939-4639-ae52-2e77f738e43f,"num_children / num_schools. Not actual enrolment, class size or capacity."
median_monthly_shelter_cost_2br_cad,Integer,CAD/month,Montréal household and housing profiles (2021 Census): https://donnees.montreal.ca/fr/dataset/profils-menages-logements,"Median monthly housing cost for renters in 2-bedroom homes in 2021, including applicable utilities."
median_monthly_shelter_cost_3br_cad,Integer,CAD/month,Montréal household and housing profiles (2021 Census): https://donnees.montreal.ca/fr/dataset/profils-menages-logements,"Median monthly housing cost for renters in 3-bedroom homes in 2021, including applicable utilities."
assumed_monthly_household_income_cad,Integer,CAD/month,Project,"Monthly household income assumed in the project: $3,000."
median_2br_cost_share_of_assumed_income_pct,Decimal,Percent,Calculated from Montréal household and housing profiles (2021 Census): https://donnees.montreal.ca/fr/dataset/profils-menages-logements; Project assumptions,"Percentage of the assumed $3,000 income needed to cover the median 2-bedroom housing cost."
median_3br_cost_share_of_assumed_income_pct,Decimal,Percent,Calculated from Montréal household and housing profiles (2021 Census): https://donnees.montreal.ca/fr/dataset/profils-menages-logements; Project assumptions,"Percentage of the assumed $3,000 income needed to cover the median 3-bedroom housing cost."
budget_2000_minus_median_2br_cad,Integer,CAD/month,Calculated from Montréal household and housing profiles (2021 Census): https://donnees.montreal.ca/fr/dataset/profils-menages-logements; Project assumptions,"$2,000 budget minus the 2021 median 2-bedroom housing cost. Positive means the budget is higher than the cost."
budget_3000_minus_median_2br_cad,Integer,CAD/month,Calculated from Montréal household and housing profiles (2021 Census): https://donnees.montreal.ca/fr/dataset/profils-menages-logements; Project assumptions,"$3,000 budget minus the 2021 median 2-bedroom housing cost. Positive means the budget is higher than the cost."
budget_2000_minus_median_3br_cad,Integer,CAD/month,Calculated from Montréal household and housing profiles (2021 Census): https://donnees.montreal.ca/fr/dataset/profils-menages-logements; Project assumptions,"$2,000 budget minus the 2021 median 3-bedroom housing cost. Positive means the budget is higher than the cost."
budget_3000_minus_median_3br_cad,Integer,CAD/month,Calculated from Montréal household and housing profiles (2021 Census): https://donnees.montreal.ca/fr/dataset/profils-menages-logements; Project assumptions,"$3,000 budget minus the 2021 median 3-bedroom housing cost. Positive means the budget is higher than the cost."
renter_households_2016,Integer,Households,Montréal household and housing profiles (2021 Census): https://donnees.montreal.ca/fr/dataset/profils-menages-logements ,Number of renter households in the borough in 2016.
renter_households_2021,Integer,Households,Montréal household and housing profiles (2021 Census): https://donnees.montreal.ca/fr/dataset/profils-menages-logements ,Number of renter households in the borough in 2021.
renter_household_growth_2016_2021_pct,Decimal,Percent,Calculated from Montréal household and housing profiles (2021 Census): https://donnees.montreal.ca/fr/dataset/profils-menages-logements ,Percentage change in renter households from 2016 to 2021.
Complaints,Integer,Records,Montréal 311 service requests: https://www.donneesquebec.ca/recherche/dataset/vmtl-requete-311/resource/dbfc05f8-b939-4639-ae52-2e77f738e43f , Collected Complaint records in the matching borough-field group
Adjusted Complaints,Integer,Records,Montréal 311 service requests: https://www.donneesquebec.ca/recherche/dataset/vmtl-requete-311/resource/dbfc05f8-b939-4639-ae52-2e77f738e43f , Collected Complaint records in the non-matching borough-field group
Total Complaints,Integer,Records,Montréal 311 service requests: https://www.donneesquebec.ca/recherche/dataset/vmtl-requete-311/resource/dbfc05f8-b939-4639-ae52-2e77f738e43f, Collected Complaint records for all fields with a borough
Complaints per Capita,Decimal,Records/resident,Montréal 311 service requests: https://www.donneesquebec.ca/recherche/dataset/vmtl-requete-311/resource/dbfc05f8-b939-4639-ae52-2e77f738e43f , Collected Complaint records for all fields with a borough divided by 2021 population.
Requests,Integer,Records,Montréal 311 service requests: https://www.donneesquebec.ca/recherche/dataset/vmtl-requete-311/resource/dbfc05f8-b939-4639-ae52-2e77f738e43f , Collected Request records in the matching borough-field group
Adjusted Requests,Integer,Records,Montréal 311 service requests: https://www.donneesquebec.ca/recherche/dataset/vmtl-requete-311/resource/dbfc05f8-b939-4639-ae52-2e77f738e43f , Collected Request records in the non-matching borough-field group
Total Requests,Integer,Records,Montréal 311 service requests: https://www.donneesquebec.ca/recherche/dataset/vmtl-requete-311/resource/dbfc05f8-b939-4639-ae52-2e77f738e43f, Collected Request records for all fields with a borough
Requests per Capita,Decimal,Records/resident,Montréal 311 service requests: https://www.donneesquebec.ca/recherche/dataset/vmtl-requete-311/resource/dbfc05f8-b939-4639-ae52-2e77f738e43f , Collected Complaint records for all fields with a borough divided by 2021 population.
Most Common Complaint,Text,N/A,Montréal 311 service requests: https://www.donneesquebec.ca/recherche/dataset/vmtl-requete-311/resource/dbfc05f8-b939-4639-ae52-2e77f738e43f ,Most frequent action label among the borough’s matching Compain records.
Most Common Requests,Text,N/A,Montréal 311 service requests: https://www.donneesquebec.ca/recherche/dataset/vmtl-requete-311/resource/dbfc05f8-b939-4639-ae52-2e77f738e43f ,Most frequent action label among the borough’s matching Request records.