ARRONDISSEMENT_GEO,registered_as_complaint,registered_as_request,proportion
Saint-Laurent,11,429,0.025
LeSud-Ouest,13,401,0.03140096618357488
Mercier-Hochelaga-Maisonneuve,30,822,0.035211267605633804
Ville-Marie,16,402,0.03827751196172249
Verdun,12,260,0.04411764705882353
LePlateau-Mont-Royal,33,690,0.04564315352697095
Rosemont-LaPetite-Patrie,87,1732,0.04782847718526663
L'Île-Bizard-Sainte-Geneviève,36,637,0.05349182763744428
Montréal-Nord,34,593,0.05422647527910686
Rivière-des-Prairies-Pointe-aux-Trembles,53,910,0.055036344755970926
Anjou,13,222,0.05531914893617021
Villeray-Saint-Michel-Parc-Extension,53,896,0.05584826132771338
Ahuntsic-Cartierville,90,1269,0.06622516556291391
LaSalle,27,371,0.0678391959798995
Côte-des-Neiges-Notre-Dame-de-Grâce,86,1136,0.07037643207855974
Saint-Léonard,43,531,0.07491289198606271
Outremont,27,331,0.07541899441340782
Pierrefonds-Roxboro,51,572,0.08186195826645265
Lachine,22,212,0.09401709401709402
