Column,Ahuntsic-Cartierville,Anjou,Côte-des-Neiges-Notre-Dame-de-Grâce,Lachine,LaSalle,Le Plateau-Mont-Royal,Le Sud-Ouest,L'Île-Bizard-Sainte-Geneviève,Mercier-Hochelaga-Maisonneuve,Montréal-Nord,Outremont,Pierrefonds-Roxboro,Rivière-des-Prairies-Pointe-aux-Trembles,Rosemont-La Petite-Patrie,Saint-Laurent,Saint-Léonard,Verdun,Ville-Marie,Villeray-Saint-Michel-Parc-Extension
_id,0,0,0,0,0,0,0,0,0,0,0,0,0,0,0,0,0,0,0
OBJECTID,0,0,0,0,0,0,0,0,0,0,0,0,0,0,0,0,0,0,0
Type,44,2,45,4,9,26,33,14,38,26,0,29,81,1,26,12,37,76,38
Lien,101,12,87,42,53,59,97,47,113,43,26,78,174,47,80,43,73,136,76
Nom,1,2,0,0,8,4,0,14,0,15,0,4,1,0,2,0,35,0,0
NUM_INDEX,1,5,2,3,10,6,9,14,2,16,3,5,3,0,18,1,37,11,1
SUPERFICIE,0,0,0,0,0,0,0,0,0,0,0,0,0,0,0,0,0,0,0
PROPRIETE,0,0,0,0,0,0,0,0,0,0,0,0,0,0,0,0,0,0,0
GESTION,0,0,0,0,0,0,0,0,0,0,0,0,0,0,0,0,0,0,0
COMPETENCE,0,0,0,0,0,0,0,0,0,0,0,0,0,0,0,0,0,0,0
TYPO1,0,0,0,0,0,0,0,0,0,0,0,0,0,0,0,0,0,0,0
TYPO2,0,0,0,0,0,0,0,8,0,3,0,0,0,0,0,0,26,0,0
