borough,green_area (ha)
Autre,0.0
Côte-des-Neiges-Notre-Dame-de-Grâce,204.08355664334422
Ville-Marie,27.02213962064597
Montréal-Nord,0.0
Mercier-Hochelaga-Maisonneuve,47.466462671856284
Pierrefonds-Roxboro,0.9404467627917014
Rivière-des-Prairies-Pointe-aux-Trembles,158.1253189524671
Lachine,1.0933955772852864
Saint-Laurent,35.9016343509101
Rosemont-La Petite-Patrie,73.53721037523434
Ahuntsic-Cartierville,8.036682513117476
Le Plateau-Mont-Royal,0.832464822624604
Commission scolaire,0.0
Verdun,86.00855846152172
LaSalle,0.0
Villeray-Saint-Michel-Parc-Extension,4.066104052792871
"Service des grands parcs, du Mont-Royal et des sports",0.0
Anjou,90.91457639241062
Le Sud-Ouest,0.0
Westmount,0.0
L'Île-Bizard-Sainte-Geneviève,272.9410303495676
Saint-Léonard,0.0
Outremont,65.87247854982486
,0.0
