Column,Côte-des-Neiges-Notre-Dame-de-Grâce,Ville-Marie,Verdun,Montréal-Nord,LePlateau-Mont-Royal,Villeray-Saint-Michel-Parc-Extension,Rivière-des-Prairies-Pointe-aux-Trembles,Ahuntsic-Cartierville,LaSalle,Outremont,Mercier-Hochelaga-Maisonneuve,L'Île-Bizard-Sainte-Geneviève,Rosemont-LaPetite-Patrie,Pierrefonds-Roxboro,Anjou,Lachine,Saint-Léonard,LeSud-Ouest,Saint-Laurent
_id,0,0,0,0,0,0,0,0,0,0,0,0,0,0,0,0,0,0,0
_full_text,0,0,0,0,0,0,0,0,0,0,0,0,0,0,0,0,0,0,0
ID_UNIQUE,0,0,0,0,0,0,0,0,0,0,0,0,0,0,0,0,0,0,0
NATURE,0,0,0,0,0,0,0,0,0,0,0,0,0,0,0,0,0,0,0
ACTI_NOM,0,0,0,0,0,0,0,0,0,0,0,0,0,0,0,0,0,0,0
TYPE_LIEU_INTERV,0,0,0,0,0,0,0,0,0,0,0,0,0,0,0,0,0,0,0
RUE,2456,3800,981,1146,3725,2763,2187,3155,1045,472,3119,303,3718,910,736,1012,1118,2697,7942
RUE_INTERSECTION1,15196,13520,8448,9007,19759,17178,14693,18827,7183,3259,17417,3799,18867,7937,4924,6531,6729,12393,22119
RUE_INTERSECTION2,15201,13521,8448,9010,19759,17178,14693,18828,7183,3259,17418,3799,18871,7937,4924,6531,6729,12393,22126
LOC_ERREUR_GDT,0,0,0,0,0,0,0,0,0,0,0,0,0,0,0,0,0,0,0
ARRONDISSEMENT,0,0,0,0,0,0,0,0,0,0,0,0,0,0,0,0,0,0,0
ARRONDISSEMENT_GEO,0,0,0,0,0,0,0,0,0,0,0,0,0,0,0,0,0,0,0
LIN_CODE_POSTAL,3601,5461,1523,2763,5280,4407,3200,4612,1574,766,4471,559,5602,1404,1532,1740,1492,4176,9085
DDS_DATE_CREATION,0,0,0,0,0,0,0,0,0,0,0,0,0,0,0,0,0,0,0
PROVENANCE_ORIGINALE,37,4,24,0,59,27,39,40,37,16,33,7,22,43,53,2,0,81,1
PROVENANCE_TELEPHONE,0,0,0,0,0,0,0,0,0,0,0,0,0,0,0,0,0,0,0
PROVENANCE_COURRIEL,0,0,0,0,0,0,0,0,0,0,0,0,0,0,0,0,0,0,0
PROVENANCE_PERSONNE,0,0,0,0,0,0,0,0,0,0,0,0,0,0,0,0,0,0,0
PROVENANCE_COURRIER,0,0,0,0,0,0,0,0,0,0,0,0,0,0,0,0,0,0,0
PROVENANCE_TELECOPIEUR,0,0,0,0,0,0,0,0,0,0,0,0,0,0,0,0,0,0,0
PROVENANCE_INSTANCE,0,0,0,0,0,0,0,0,0,0,0,0,0,0,0,0,0,0,0
PROVENANCE_MOBILE,0,0,0,0,0,0,0,0,0,0,0,0,0,0,0,0,0,0,0
PROVENANCE_MEDIASOCIAUX,0,0,0,0,0,0,0,0,0,0,0,0,0,0,0,0,0,0,0
PROVENANCE_SITEINTERNET,0,0,0,0,0,0,0,0,0,0,0,0,0,0,0,0,0,0,0
UNITE_RESP_PARENT,0,0,0,0,0,0,0,0,0,0,0,0,0,0,0,0,0,0,0
LOC_LONG,0,0,0,0,0,0,0,0,0,0,0,0,0,0,0,0,0,0,0
LOC_LAT,0,0,0,0,0,0,0,0,0,0,0,0,0,0,0,0,0,0,0
LOC_X,0,0,0,0,0,0,0,0,0,0,0,0,0,0,0,0,0,0,0
LOC_Y,0,0,0,0,0,0,0,0,0,0,0,0,0,0,0,0,0,0,0
DERNIER_STATUT,0,0,0,0,0,0,0,0,0,0,0,0,0,0,0,0,0,0,0
DATE_DERNIER_STATUT,0,0,0,0,0,0,0,0,0,0,0,0,0,0,0,0,0,0,0
