borough,borough,anglo_school_count,franco_school_count,english_speaker_pct,french_speaker_pct,num_children,english_students_per_school,french_students_per_school
Ahuntsic-Cartierville,Ahuntsic-Cartierville,4,23,0.6564548948677368,0.8960358730876479,22735,3731.1255087044988,885.7119815064207
Anjou,Anjou,0,8,0.5165826790108988,0.9601546935427165,7735,No anglo schools,928.349569319114
Côte-des-Neiges-Notre-Dame-de-Grâce,Côte-des-Neiges-Notre-Dame-de-Grâce,13,23,0.8719954950949883,0.7074479120358022,25730,1725.880314522619,791.4189033339647
L'Île-Bizard-Sainte-Geneviève,L'Île-Bizard-Sainte-Geneviève,0,3,0.8508940852819807,0.8522696011004126,3060,No anglo schools,869.3149931224208
LaSalle,LaSalle,5,16,0.7892250107381726,0.7532674725409585,12935,2041.7251027796526,608.9696723323311
Lachine,Lachine,2,11,0.7682214136067924,0.8374682985996251,7615,2925.003032307862,579.7564630760132
Le Plateau-Mont-Royal,Le Plateau-Mont-Royal,3,17,0.8184027446869342,0.8707233393691032,11620,3169.946631087392,595.1650119687635
Le Sud-Ouest,Le Sud-Ouest,8,13,0.7784897299239475,0.8491526438708905,10805,1051.4476914785316,705.7764859249978
Mercier-Hochelaga-Maisonneuve,Mercier-Hochelaga-Maisonneuve,1,30,0.5707024868397168,0.9621346886912325,20270,11568.139408241059,650.0823379923762
Montréal-Nord,Montréal-Nord,1,16,0.44414075845575673,0.9406104088372623,16895,7503.75811411001,993.2258035815967
Outremont,Outremont,0,6,0.8450230995380092,0.8007139857202856,5720,No anglo schools,763.347333053339
Pierrefonds-Roxboro,Pierrefonds-Roxboro,3,9,0.8700306901720077,0.757547641139105,12310,3570.025932005805,1036.1568291580425
Rivière-des-Prairies-Pointe-aux-Trembles,Rivière-des-Prairies-Pointe-aux-Trembles,4,20,0.5384688046096444,0.9594766920134133,17435,2347.0509020922877,836.4238062626931
Rosemont-La Petite-Patrie,Rosemont-La Petite-Patrie,6,26,0.6532163116771915,0.9604338363837454,19480,2120.775625245282,719.5865820290522
Saint-Laurent,Saint-Laurent,0,15,0.7815010102005617,0.7721381757256197,19725,No anglo schools,1015.3617010791899
Saint-Léonard,Saint-Léonard,1,10,0.5652173913043478,0.9166613773405268,15330,8664.782608695652,1405.2418914630275
Verdun,Verdun,2,13,0.7919463087248322,0.8736378725553872,9765,3866.677852348993,656.2364481156427
Ville-Marie,Ville-Marie,3,6,0.8431589054248679,0.7639942390782525,7565,2126.165706513042,963.2694031044966
Villeray-Saint-Michel-Parc-Extension,Villeray-Saint-Michel-Parc-Extension,5,29,0.6243088194636439,0.8377453690904064,23700,2959.2238042576723,684.6401809462976
