_id,_full_text,ID_UNIQUE,NATURE,ACTI_NOM,TYPE_LIEU_INTERV,RUE,RUE_INTERSECTION1,RUE_INTERSECTION2,LOC_ERREUR_GDT,ARRONDISSEMENT,ARRONDISSEMENT_GEO,LIN_CODE_POSTAL,DDS_DATE_CREATION,PROVENANCE_ORIGINALE,PROVENANCE_TELEPHONE,PROVENANCE_COURRIEL,PROVENANCE_PERSONNE,PROVENANCE_COURRIER,PROVENANCE_TELECOPIEUR,PROVENANCE_INSTANCE,PROVENANCE_MOBILE,PROVENANCE_MEDIASOCIAUX,PROVENANCE_SITEINTERNET,UNITE_RESP_PARENT,LOC_LONG,LOC_LAT,LOC_X,LOC_Y,DERNIER_STATUT,DATE_DERNIER_STATUT
1118394,"-05':23 '-11':47 '-13':24 '-15':48 '-155663':2 '-73.566891313':41 '0':13,29,30,32,33,34,35,36,37 '08':27 '1':31 '19':1 '2019':22,46 '23':50 '28':26 '299574.1090000003':43 '45.518169921':42 '46':51 '5042030.068999459':44 'arrondissement':7 'berri':10 'info':5 'info-travaux':4 'intersection':8 'le':17 'marie':16,40 'mont':20 'personne':28 'plainte':3 'plateau':19 'plateau-mont-royal':18 'royal':21 'rue':9,11 'sherbrooke':12 't09':49 't11':25 'terminée':45 'travaux':6 'ville':15,39 'ville-marie':14,38",19-155663,Plainte,Info-travaux - Arrondissement,Intersection,,rue Berri,rue Sherbrooke,0,Ville-Marie,Le Plateau-Mont-Royal,,2019-05-13 11:28:08,Personne,0,0,1,0,0,0,0,0,0,VILLE-MARIE,-73.56689131,45.51816992,299574.109,5042030.069,Terminée,2019-11-15 09:23:46
1155794,"-01':23,48 '-17':24 '-18967':2 '-23':49 '-73.554544343':42 '0':11,30,31,32,33,34,35,36,37 '05':26 '1':29 '10':52 '19':1 '2019':22,47 '25':27 '300542.2769999988':44 '45.565310031':43 '5047268.078999461':45 '51':51 'déneigement':5 'hochelaga':14,40 'hochelaga-maisonneuve':13,39 'intersection':6 'la':18 'maisonneuve':15,41 'mercier':12,38 'opération':4 'patrie':21 'petite':20 'petite-patrie':19 'plainte':3 'rosemont':17 'rosemont-la':16 'rue':7,9 'sherbrooke':8 't15':50 't16':25 'terminée':46 'téléphone':28 'viau':10",19-18967,Plainte,Opération déneigement,Intersection,,rue Sherbrooke,rue Viau,0,Mercier - Hochelaga-Maisonneuve,Rosemont-La Petite-Patrie,,2019-01-17 16:05:25,Téléphone,1,0,0,0,0,0,0,0,0,MERCIER - HOCHELAGA-MAISONNEUVE,-73.55454434,45.56531003,300542.277,5047268.079,Terminée,2019-01-23 15:51:10
1167103,"-06':18,41 '-17':19 '-199988':2 '-28':42 '-73.81455743245697':35 '0':9,25,26,27,28,29,30,31,32 '1':24 '19':1 '2019':17,40 '22':44 '280217.848004268':37 '31':21 '45.50134974926275':36 '46':22 '5040206.786990865':38 '59':45 'adresse':5 'boulevard':6 'des':7,14 'dollard':13 'dollard-des-ormeaux':12 'h8y3c5':16 'ormeaux':15 'pierrefonds':10,33 'plainte':3 'roxboro':11,34 'sources':8 't14':43 't15':20 'terminée':39 'téléphone':23 'urbanisme':4",19-199988,Plainte,Urbanisme,Adresse,boulevard des Sources,,,0,Pierrefonds - Roxboro,Dollard-des-Ormeaux,H8Y3C5,2019-06-17 15:31:46,Téléphone,1,0,0,0,0,0,0,0,0,PIERREFONDS - ROXBORO,-73.81455743,45.50134975,280217.848,5040206.787,Terminée,2019-06-28 14:22:59
1193877,"-07':20,46 '-09':21 '-19':47 '-224399':2 '-73.571686699':38 '0':10,27,28,29,30,31,32,33,34 '1':26 '19':1 '2019':19,45 '299198.4269999998':40 '42':23 '45.507665844':39 '48':24 '5040863.06699946':41 '53':50 '54':49 'bruit':4 'hutchison':9 'intersection':5 'le':14 'marie':13,37 'mont':17 'plainte':3 'plateau':16 'plateau-mont-royal':15 'pour':43 'royal':18 'rue':6,8 'sherbrooke':7 't08':22 't13':48 'traitement':44 'transmise':42 'téléphone':25 'ville':12,36 'ville-marie':11,35",19-224399,Plainte,Bruit,Intersection,,rue Sherbrooke,rue Hutchison,0,Ville-Marie,Le Plateau-Mont-Royal,,2019-07-09 08:42:48,Téléphone,1,0,0,0,0,0,0,0,0,VILLE-MARIE,-73.5716867,45.50766584,299198.427,5040863.067,Transmise pour traitement,2019-07-19 13:54:53
1200827,"-07':25,49 '-12':26 '-15':50 '-230728':2 '-73.64098854':43 '0':15,31,32,34,35,36,37,38,39 '00':52 '1':33 '18':29 '19':1 '2019':24,48 '293789.93199999974':45 '37':28 '45.542134602':44 '5044700.78099946':46 '58':53 'ahuntsic':16,41 'ahuntsic-cartierville':40 'boulevard':9,11 'cartierville':17,42 'crémazie':10 'de':6 'extension':23 'intersection':8 'laurent':14 'michel':21 'nid':5 'nid-de-poule':4 'parc':22 'personne':30 'plainte':3 'poule':7 'saint':13,20 'saint-laurent':12 't13':27 't15':51 'terminée':47 'villeray':19 'villeray-saint-michel-parc-extension':18",19-230728,Plainte,Nid-de-poule,Intersection,,boulevard Crémazie,boulevard Saint-Laurent,0,Ahuntsic - Cartierville,Villeray-Saint-Michel-Parc-Extension,,2019-07-12 13:37:18,Personne,0,0,1,0,0,0,0,0,0,AHUNTSIC-CARTIERVILLE,-73.64098854,45.5421346,293789.932,5044700.781,Terminée,2019-07-15 15:00:58
1212067,"-03':45 '-07':21 '-15':46 '-21':22 '-240974':2 '-73.562109899':39 '0':11,27,28,30,31,32,33,34,35 '04':24 '1':29 '19':1 '2019':20 '2022':44 '299948.9890000001':41 '30':48 '45.533659127':40 '46':49 '50':25 '5043751.098999459':42 'arrondissement':5 'fullum':10 'intersection':6 'le':15 'marie':14,38 'mont':18 'personne':26 'personnel':4 'plainte':3 'plateau':17 'plateau-mont-royal':16 'royal':19 'rue':7,9 'sherbrooke':8 't12':23,47 'terminée':43 'ville':13,37 'ville-marie':12,36",19-240974,Plainte,Personnel - Arrondissement,Intersection,,rue Sherbrooke,rue Fullum,0,Ville-Marie,Le Plateau-Mont-Royal,,2019-07-21 12:04:50,Personne,0,0,1,0,0,0,0,0,0,VILLE-MARIE,-73.5621099,45.53365913,299948.989,5043751.099,Terminée,2022-03-15 12:30:46
1215672,"-05':55 '-07':26 '-08':54 '-23':27 '-244269':2 '-73.635359228':48 '0':14,33,34,35,36,37,38,39,40 '1':32 '18':57 '19':1 '2019':25,53 '23':30 '26':29 '294230.8600000004':50 '45.549200186':49 '47':58 '5045485.231999459':51 'ahuntsic':23 'ahuntsic-cartierville':22 'boulevard':12 'cartierville':24 'circulation':5 'crémazie':13 'extension':21,47 'hubert':11 'intersection':7 'michel':18,44 'parc':20,46 'parc-extension':19,45 'plainte':3 'refusée':52 'rue':8 'saint':10,17 'saint-hubert':9 'signalisation':4 'st':43 'st-michel':42 't13':56 't16':28 'téléphone':31 'villeray':16,41 'villeray-saint-michel':15 'études':6",19-244269,Plainte,Signalisation - Circulation - Études,Intersection,,rue Saint-Hubert,boulevard Crémazie,0,Villeray-Saint-Michel - Parc-Extension,Ahuntsic-Cartierville,,2019-07-23 16:26:23,Téléphone,1,0,0,0,0,0,0,0,0,VILLERAY - ST-MICHEL - PARC-EXTENSION,-73.63535923,45.54920019,294230.86,5045485.232,Refusée,2019-08-05 13:18:47
1238048,"-08':25,49 '-09':26,50 '-264736':2 '-73.562789856':43 '0':15,32,33,34,35,36,37,38,39 '05':52 '1':31 '14':29 '19':1 '20':53 '2019':24,48 '299895.6979999995':45 '40':28 '45.531543928':44 '5043516.075999459':46 'avenue':12 'd':7 'des':13 'homme':8 'intersection':9 'le':19 'marie':18,42 'mont':22 'plainte':3 'plateau':21 'plateau-mont-royal':20 'royal':23 'rue':10 'sherbrooke':11 't17':27 't18':51 'terminée':47 'trou':6 'téléphone':30 'ville':17,41 'ville-marie':16,40 'z':5 'z-trou':4 'érables':14",19-264736,Plainte,*Z-Trou d'homme,Intersection,,rue Sherbrooke,avenue des Érables,0,Ville-Marie,Le Plateau-Mont-Royal,,2019-08-09 17:40:14,Téléphone,1,0,0,0,0,0,0,0,0,VILLE-MARIE,-73.56278986,45.53154393,299895.698,5043516.076,Terminée,2019-08-09 18:05:20
1244782,"-08':24,56 '-15':25 '-16':57 '-270874':2 '-73.642608721':50 '0':12,31,32,33,34,35,36,37,38 '03':28 '1':30 '10':60 '19':1 '2019':23,55 '26':27 '293667.5869999998':52 '42':59 '45.5632929':51 '5047052.356999461':53 'ahuntsic':21 'ahuntsic-cartierville':20 'avenue':7 'cartierville':22 'de':10 'des':40,48 'du':43 'et':47 'extension':19 'grand':4 'grands':41 'intersection':6 'louvain':11 'michel':16 'mont':45 'mont-royal':44 'papineau':8 'parc':5,18 'parc-extension':17 'parcs':42 'plainte':3 'royal':46 'rue':9 'saint':15 'service':39 'sports':49 't09':58 't13':26 'terminée':54 'téléphone':29 'villeray':14 'villeray-saint-michel':13",19-270874,Plainte,Grand parc,Intersection,,avenue Papineau,rue de Louvain,0,Villeray-Saint-Michel - Parc-Extension,Ahuntsic-Cartierville,,2019-08-15 13:26:03,Téléphone,1,0,0,0,0,0,0,0,0,"SERVICE DES GRANDS PARCS, DU MONT-ROYAL ET DES SPORTS",-73.64260872,45.5632929,293667.587,5047052.357,Terminée,2019-08-16 09:42:10
1248749,"-08':23 '-09':47 '-19':24 '-23':48 '-274500':2 '-73.562789856':41 '0':13,29,30,32,33,34,35,36,37 '07':51 '08':26 '1':31 '15':27 '19':1 '2019':22,46 '299895.6979999995':43 '34':50 '45.531543928':42 '5043516.075999459':44 'avenue':10 'des':11 'intersection':7 'le':17 'marie':16,40 'mont':20 'personne':28 'plainte':3 'plateau':19 'plateau-mont-royal':18 'puisard':6 'royal':21 'rue':8 'sherbrooke':9 't10':49 't15':25 'terminée':45 'ville':15,39 'ville-marie':14,38 'z':5 'z-puisard':4 'érables':12",19-274500,Plainte,*Z-Puisard,Intersection,,rue Sherbrooke,avenue des Érables,0,Ville-Marie,Le Plateau-Mont-Royal,,2019-08-19 15:08:15,Personne,0,0,1,0,0,0,0,0,0,VILLE-MARIE,-73.56278986,45.53154393,299895.698,5043516.076,Terminée,2019-09-23 10:34:07
1262972,"-03':55 '-08':25 '-09':54 '-287460':2 '-30':26 '-73.563278513':48 '0':15,32,33,34,35,36,37,38,39 '03':28 '1':31 '12':57 '19':1 '2019':24,53 '299857.3960000003':50 '41':58 '45.530006149':49 '46':29 '5043345.210999461':51 'bordeaux':12 'de':11,41,45 'et':44 'intersection':9 'l':42 'la':46 'le':19 'libre':7 'libre-service':6 'marie':18 'mobilité':4,47 'mont':22 'plainte':3 'plateau':21 'plateau-mont-royal':20 'royal':23 'rue':10,13 'service':8,40 'sherbrooke':14 't12':56 't17':27 'terminée':52 'téléphone':30 'urbanisme':43 'ville':17 'ville-marie':16 'électrique':5",19-287460,Plainte,Mobilité électrique libre-service,Intersection,,rue de Bordeaux,rue Sherbrooke,0,Ville-Marie,Le Plateau-Mont-Royal,,2019-08-30 17:03:46,Téléphone,1,0,0,0,0,0,0,0,0,SERVICE DE L URBANISME ET DE LA MOBILITÉ,-73.56327851,45.53000615,299857.396,5043345.211,Terminée,2019-09-03 12:12:41
1269877,"-06':32 '-09':31,58 '-24':59 '-293748':2 '-73.614448677':52 '0':18,37,38,40,41,42,43,44,45 '1':39 '19':1,34 '2019':30,57 '26':35 '295861.8729999999':54 '45.538295722':53 '49':61 '5044270.86399946':55 '57':62 'central':8 'd':49 'denis':13 'des':47 'extension':29 'info':5 'info-travaux':4 'infrastructures':50 'intersection':9 'jean':16 'jean-talon':15 'la':20 'michel':27 'parc':28 'patrie':23 'personne':36 'petite':22 'petite-patrie':21 'plainte':3 'projets':48 'rosemont':19 'rue':10,14 'réalisation':46 'saint':12,26 'saint-denis':11 'service':7 't13':60 't17':33 'talon':17 'terminée':56 'travaux':6 'urbaines':51 'villeray':25 'villeray-saint-michel-parc-extension':24",19-293748,Plainte,Info-travaux - Service central,Intersection,,rue Saint-Denis,rue Jean-Talon,0,Rosemont - La Petite-Patrie,Villeray-Saint-Michel-Parc-Extension,,2019-09-06 17:19:26,Personne,0,0,1,0,0,0,0,0,0,RÉALISATION DES PROJETS D INFRASTRUCTURES URBAINES,-73.61444868,45.53829572,295861.873,5044270.864,Terminée,2019-09-24 13:49:57
1283511,"-01':56 '-09':26 '-10':55 '-19':27 '-306180':2 '-73.570791307':49 '0':16,32,33,35,36,37,38,39,40 '1':34 '10':30 '19':1 '2019':25,54 '28':29 '299268.55599999963':51 '44':58 '45.509333531':50 '49':59 '5041048.33599946':52 'de':42,46 'et':45 'intersection':9 'jeanne':14 'jeanne-mance':13 'l':43 'la':47 'le':20 'libre':7 'libre-service':6 'mance':15 'marie':19 'mobilité':4,48 'mont':23 'personne':31 'plainte':3 'plateau':22 'plateau-mont-royal':21 'royal':24 'rue':10,12 'service':8,41 'sherbrooke':11 't09':28 't14':57 'terminée':53 'urbanisme':44 'ville':18 'ville-marie':17 'électrique':5",19-306180,Plainte,Mobilité électrique libre-service,Intersection,,rue Sherbrooke,rue Jeanne-Mance,0,Ville-Marie,Le Plateau-Mont-Royal,,2019-09-19 09:28:10,Personne,0,0,1,0,0,0,0,0,0,SERVICE DE L URBANISME ET DE LA MOBILITÉ,-73.57079131,45.50933353,299268.556,5041048.336,Terminée,2019-10-01 14:44:49
1303088,"-07':24 '-08':45 '-10':23 '-29':46 '-324026':2 '-73.59660883':39 '0':15,29,31,32,33,34,35,36,37 '00':26 '02':27 '1':30 '19':1 '2019':22 '2023':44 '297252.4969999989':41 '35':48,49 '45.518709659':40 '5042092.41399946':42 'arrondissement':7 'avenue':9 'charles':12 'courriel':28 'hutchison':14 'info':5 'info-travaux':4 'intersection':8 'le':17 'mont':20 'outremont':16,38 'plainte':3 'plateau':19 'plateau-mont-royal':18 'royal':21 'rue':13 't09':47 't13':25 'terminée':43 'travaux':6 'édouard':11 'édouard-charles':10",19-324026,Plainte,Info-travaux - Arrondissement,Intersection,,avenue Édouard-Charles,rue Hutchison,0,Outremont,Le Plateau-Mont-Royal,,2019-10-07 13:00:02,Courriel,0,1,0,0,0,0,0,0,0,OUTREMONT,-73.59660883,45.51870966,297252.497,5042092.414,Terminée,2023-08-29 09:35:35
1312850,"-10':25,54 '-16':26 '-18':55 '-332920':2 '-73.563750831':48 '0':16,32,33,34,35,36,37,38,39 '02':57 '06':29 '1':31 '18':58 '19':1 '2019':24,53 '299817.3539999995':50 '45.494298777':49 '47':28 '5039377.055999459':51 'dame':15 'de':41,45 'et':44 'intersection':9 'l':42 'la':46 'le':17 'libre':7 'libre-service':6 'marie':23 'mobilité':4,47 'murray':11 'notre':14 'notre-dame':13 'ouest':20 'plainte':3 'rue':10,12 'service':8,40 'sud':19 'sud-ouest':18 't13':56 't16':27 'terminée':52 'téléphone':30 'urbanisme':43 'ville':22 'ville-marie':21 'électrique':5",19-332920,Plainte,Mobilité électrique libre-service,Intersection,,rue Murray,rue Notre-Dame,0,Le Sud-Ouest,Ville-Marie,,2019-10-16 16:47:06,Téléphone,1,0,0,0,0,0,0,0,0,SERVICE DE L URBANISME ET DE LA MOBILITÉ,-73.56375083,45.49429878,299817.354,5039377.056,Terminée,2019-10-18 13:02:18
1321568,"-01':34 '-02':64 '-25':65 '-29':35 '-34083':2 '-73.590262998':58 '0':18,41,42,43,44,45,46,47,48 '1':40 '17':38 '19':1 '2019':33,63 '21':37 '29':67 '297747.8949999991':60 '45.515779344':59 '5041766.188999461':61 '52':68 'boulevard':14 'catherine':13 'chaussée':4 'chemin':7 'cote':50 'cote-des-neiges':49 'côte':11,20 'côte-des-neiges':19 'côte-sainte-catherine':10 'dame':25,55 'de':8,26,56 'des':21,51 'glissante':5 'grâce':27,57 'intersection':6 'la':9 'le':28 'mont':16,31 'mont-royal':15 'neiges':22,52 'notre':24,54 'notre-dame-de-grâce':23,53 'plainte':3 'plateau':30 'plateau-mont-royal':29 'royal':17,32 'sainte':12 't15':66 't20':36 'terminée':62 'téléphone':39",19-34083,Plainte,Chaussée glissante,Intersection,,chemin de la Côte-Sainte-Catherine,boulevard Mont-Royal,0,Côte-des-Neiges - Notre-Dame-de-Grâce,Le Plateau-Mont-Royal,,2019-01-29 20:21:17,Téléphone,1,0,0,0,0,0,0,0,0,COTE-DES-NEIGES - NOTRE-DAME-DE-GRÂCE,-73.590263,45.51577934,297747.895,5041766.189,Terminée,2019-02-25 15:29:52
1334556,"-03':44 '-04':21 '-11':20 '-30':45 '-352651':2 '-73.56192999278275':38 '0':10,27,28,29,30,31,32,33,34 '1':26 '19':1 '2019':19 '2020':43 '299959.8360220224':40 '45.496268278223525':39 '47':47 '5039595.816017188':41 '51':23 '54':24 '56':48 'adresse':5 'dame':9 'h3c0k3':18 'le':11 'marie':17 'notre':8 'notre-dame':7 'ouest':14,37 'plainte':3 'rue':6 'srrr':4 'sud':13,36 'sud-ouest':12,35 't12':46 't14':22 'terminée':42 'téléphone':25 'ville':16 'ville-marie':15",19-352651,Plainte,SRRR,Adresse,rue Notre-Dame,,,0,Le Sud-Ouest,Ville-Marie,H3C0K3,2019-11-04 14:51:54,Téléphone,1,0,0,0,0,0,0,0,0,SUD-OUEST,-73.56192999,45.49626828,299959.836,5039595.816,Terminée,2020-03-30 12:47:56
1339208,"-03':47 '-07':24 '-11':23 '-15':48 '-356893':2 '-73.564224626':41 '0':13,30,31,32,33,34,35,36,37 '1':29 '16':51 '19':1 '2019':22 '2022':46 '299783.2310000004':43 '39':50 '40':26 '45':27 '45.527021836':42 '5043013.619999459':44 'arrondissement':5 'avenue':9 'duployé':12 'intersection':6 'le':17 'marie':16,40 'mont':20 'personnel':4 'plainte':3 'plateau':19 'plateau-mont-royal':18 'royal':21 'rue':7 'sherbrooke':8 't14':25 't16':49 'terminée':45 'téléphone':28 'ville':15,39 'ville-marie':14,38 'émile':11 'émile-duployé':10",19-356893,Plainte,Personnel - Arrondissement,Intersection,,rue Sherbrooke,avenue Émile-Duployé,0,Ville-Marie,Le Plateau-Mont-Royal,,2019-11-07 14:40:45,Téléphone,1,0,0,0,0,0,0,0,0,VILLE-MARIE,-73.56422463,45.52702184,299783.231,5043013.62,Terminée,2022-03-15 16:39:16
1340998,"-01':47 '-09':24 '-11':23 '-13':48 '-358529':2 '-73.565225808':41 '0':13,30,31,32,33,34,35,36,37 '1':29 '16':27 '19':1 '2019':22 '2020':46 '28':51 '299704.73600000003':43 '45.523811343':42 '5042656.897999461':44 '52':50 '58':26 'de':8 'intersection':6 'la':9 'le':17 'marie':16,40 'mont':20 'pavage':4 'plainte':3 'plateau':19 'plateau-mont-royal':18 'royal':21 'rue':7,11 'réparation':5 'sherbrooke':12 't09':25 't13':49 'terminée':45 'téléphone':28 'ville':15,39 'ville-marie':14,38 'visitation':10",19-358529,Plainte,Pavage - Réparation,Intersection,,rue de la Visitation,rue Sherbrooke,0,Ville-Marie,Le Plateau-Mont-Royal,,2019-11-09 09:58:16,Téléphone,1,0,0,0,0,0,0,0,0,VILLE-MARIE,-73.56522581,45.52381134,299704.736,5042656.898,Terminée,2020-01-13 13:52:28
1413060,"-02':22,46 '-24':23 '-26':47 '-68572':2 '-73.563278513':40 '0':12,29,30,31,32,33,34,35,36 '09':25 '1':28 '14':50 '19':1 '20':26 '2019':21,45 '299857.3960000003':42 '45.530006149':41 '5043345.210999461':43 '58':49 'bordeaux':9 'de':8 'déneigement':5 'intersection':6 'le':16 'marie':15,39 'mont':19 'opération':4 'plainte':3 'plateau':18 'plateau-mont-royal':17 'royal':20 'rue':7,10 'sherbrooke':11 't08':48 't14':24 'terminée':44 'téléphone':27 'ville':14,38 'ville-marie':13,37",19-68572,Plainte,Opération déneigement,Intersection,,rue de Bordeaux,rue Sherbrooke,0,Ville-Marie,Le Plateau-Mont-Royal,,2019-02-24 14:09:20,Téléphone,1,0,0,0,0,0,0,0,0,VILLE-MARIE,-73.56327851,45.53000615,299857.396,5043345.211,Terminée,2019-02-26 08:58:14
1419954,"-01':31,61 '-08':32 '-16':62 '-73.65453615713335':55 '-7484':2 '0':15,38,39,40,41,42,43,44,45 '02':34 '06':65 '1':37 '19':1 '2019':30,60 '29':35 '292715.40124595066':57 '34':64 '45.464627059760645':56 '5036089.276986373':58 'adresse':7 'chemin':8 'collecte':4 'cote':47 'cote-des-neiges':46 'côte':12,17,26 'côte-des-neiges':16 'côte-saint-luc':11,25 'dame':22,52 'de':5,9,23,53 'des':18,48 'déchets':6 'grâce':24,54 'h4v1j2':29 'la':10 'luc':14,28 'neiges':19,49 'notre':21,51 'notre-dame-de-grâce':20,50 'plainte':3 'saint':13,27 't09':63 't10':33 'terminée':59 'téléphone':36",19-7484,Plainte,Collecte de déchets,Adresse,chemin de la Côte-Saint-Luc,,,0,Côte-des-Neiges - Notre-Dame-de-Grâce,Côte-Saint-Luc,H4V1J2,2019-01-08 10:02:29,Téléphone,1,0,0,0,0,0,0,0,0,COTE-DES-NEIGES - NOTRE-DAME-DE-GRÂCE,-73.65453616,45.46462706,292715.4012,5036089.277,Terminée,2019-01-16 09:34:06
1482300,"-01':20,44 '-13151':2 '-20':21 '-24':45 '-73.580719664':38 '0':13,27,28,29,30,31,32,33,34 '1':26 '14':23 '17':47 '19':24 '20':1 '2020':19,43 '298490.1229999998':40 '35':48 '45.485533255':39 '5038404.13399946':41 'antoine':12 'atwater':8 'avenue':7 'déneigement':5 'intersection':6 'le':14 'opération':4 'ouest':17,37 'plainte':3 'rue':9 'saint':11 'saint-antoine':10 'sud':16,36 'sud-ouest':15,35 't10':46 't23':22 'terminée':42 'téléphone':25 'westmount':18",20-13151,Plainte,Opération déneigement,Intersection,,avenue Atwater,rue Saint-Antoine,0,Le Sud-Ouest,Westmount,,2020-01-20 23:14:19,Téléphone,1,0,0,0,0,0,0,0,0,SUD-OUEST,-73.58071966,45.48553326,298490.123,5038404.134,Terminée,2020-01-24 10:17:35
1527618,"-01':21,45 '-17266':2 '-27':22,46 '-73.59768262302178':39 '0':10,28,29,30,31,32,33,34,35 '05':25 '1':27 '20':1,49 '2020':20,44 '297172.4977017734':41 '30':48 '45.547479742793016':40 '5045289.765932733':42 '59':24 'adresse':7 'ahuntsic':11,37 'ahuntsic-cartierville':36 'cartierville':12,38 'collecte':4 'de':5 'déchets':6 'fleury':9 'h2b3b1':19 'la':15 'patrie':18 'petite':17 'petite-patrie':16 'plainte':3 'rosemont':14 'rosemont-la':13 'rue':8 't08':23 't13':47 'terminée':43 'téléphone':26",20-17266,Plainte,Collecte de déchets,Adresse,rue Fleury,,,0,Ahuntsic - Cartierville,Rosemont-La Petite-Patrie,H2B3B1,2020-01-27 08:59:05,Téléphone,1,0,0,0,0,0,0,0,0,AHUNTSIC-CARTIERVILLE,-73.59768262,45.54747974,297172.4977,5045289.766,Terminée,2020-01-27 13:30:20
1534954,"-04':46 '-07':22 '-179331':2 '-27':47 '-30':23 '-73.637640642':40 '0':12,29,30,31,32,33,34,35,36 '1':28 '20':1 '2020':21 '2022':45 '26':25 '294052.1780000002':42 '41':26 '43':50 '45.546344287':41 '5045168.154999459':43 '55':49 'ahuntsic':13,38 'ahuntsic-cartierville':37 'boulevard':10 'cartierville':14,39 'circulation':5 'crémazie':11 'extension':20 'intersection':7 'lajeunesse':9 'michel':18 'parc':19 'plainte':3 'rue':8 'saint':17 'signalisation':4 't16':48 't17':24 'terminée':44 'téléphone':27 'villeray':16 'villeray-saint-michel-parc-extension':15 'études':6",20-179331,Plainte,Signalisation - Circulation - Études,Intersection,,rue Lajeunesse,boulevard Crémazie,0,Ahuntsic - Cartierville,Villeray-Saint-Michel-Parc-Extension,,2020-07-30 17:26:41,Téléphone,1,0,0,0,0,0,0,0,0,AHUNTSIC-CARTIERVILLE,-73.63764064,45.54634429,294052.178,5045168.155,Terminée,2022-04-27 16:55:43
1536396,"-01':28,58 '-18065':2 '-27':29 '-28':59 '-73.61219265':52 '0':16,35,36,37,38,39,40,41,42 '08':31 '1':34 '20':1 '2020':27,57 '296033.6959999997':54 '37':32 '42':61 '44':62 '45.510174397':53 '5041145.46699946':55 'avenue':11 'boulevard':7 'cote':44 'cote-des-neiges':43 'côte':18 'côte-des-neiges':17 'd':14 'dame':23,49 'de':24,50 'des':19,45 'divers':5 'grâce':25,51 'indy':15 'intersection':6 'montpetit':10 'neiges':20,46 'notre':22,48 'notre-dame-de-grâce':21,47 'outremont':26 'plainte':3 't16':30 't17':60 'terminée':56 'téléphone':33 'vincent':13 'vincent-d':12 'voirie':4 'édouard':9 'édouard-montpetit':8",20-18065,Plainte,Voirie - Divers,Intersection,,boulevard Édouard-Montpetit,avenue Vincent-d'Indy,0,Côte-des-Neiges - Notre-Dame-de-Grâce,Outremont,,2020-01-27 16:08:37,Téléphone,1,0,0,0,0,0,0,0,0,COTE-DES-NEIGES - NOTRE-DAME-DE-GRÂCE,-73.61219265,45.5101744,296033.696,5041145.467,Terminée,2020-01-28 17:42:44
1546913,"-08':28,55 '-10':29 '-14':56 '-190180':2 '-73.50931072520706':49 '0':14,35,36,37,38,39,40,41,42 '1':34 '19':59 '20':1 '2020':27,54 '30':31,32 '304073.443945994':51 '45.58374199703121':50 '5049315.053328143':52 '52':58 'adresse':9 'aux':21 'central':8 'd':46 'dame':13 'des':17,44 'hochelaga':25 'info':5 'info-travaux':4 'infrastructures':47 'maisonneuve':26 'mercier':24 'mercier-hochelaga-maisonneuve':23 'notre':12 'notre-dame':11 'plainte':3 'pointe':20 'pointe-aux-trembles':19 'prairies':18 'projets':45 'rivière':16 'rivière-des-prairies':15 'rue':10 'réalisation':43 'service':7 't09':30 't14':57 'terminée':53 'travaux':6 'trembles':22 'téléphone':33 'urbaines':48",20-190180,Plainte,Info-travaux - Service central,Adresse,rue Notre-Dame,,,0,Rivière-des-Prairies - Pointe-aux-Trembles,Mercier-Hochelaga-Maisonneuve,,2020-08-10 09:30:30,Téléphone,1,0,0,0,0,0,0,0,0,RÉALISATION DES PROJETS D INFRASTRUCTURES URBAINES,-73.50931073,45.583742,304073.4439,5049315.053,Terminée,2020-08-14 14:52:19
1563728,"-01':57 '-08':31 '-12':58 '-205486':2 '-22':32 '-73.617388319':51 '0':18,38,39,40,41,42,43,44,45 '02':35 '1':37 '18':61 '20':1 '2020':30 '2022':56 '295631.7889999987':53 '37':60 '45.535181397':52 '47':34 '5043925.096999459':54 'de':5 'dominique':13 'entretien':7 'extension':29 'intersection':9 'jean':16 'jean-talon':15 'la':20,47 'michel':27 'panneau':4 'parc':28 'patrie':23,50 'petite':22,49 'petite-patrie':21,48 'plainte':3 'prioritaire':8 'rosemont':19,46 'rue':10,14 'saint':12,26 'saint-dominique':11 'signalisation':6 't09':59 't16':33 'talon':17 'terminée':55 'téléphone':36 'villeray':25 'villeray-saint-michel-parc-extension':24",20-205486,Plainte,Panneau de signalisation entretien prioritaire,Intersection,,rue Saint-Dominique,rue Jean-Talon,0,Rosemont - La Petite-Patrie,Villeray-Saint-Michel-Parc-Extension,,2020-08-22 16:47:02,Téléphone,1,0,0,0,0,0,0,0,0,ROSEMONT - LA PETITE-PATRIE,-73.61738832,45.5351814,295631.789,5043925.097,Terminée,2022-01-12 09:37:18
1613141,"-02':54 '-05':26 '-10':25 '-11':53 '-250474':2 '-73.639115543':47 '0':13,32,33,34,35,36,37,38,39 '02':57 '08':56 '1':31 '20':1,28 '2020':24 '2021':52 '22':29 '293936.8250000004':49 '45.545390159':48 '5045062.319999461':50 'ahuntsic':22 'ahuntsic-cartierville':21 'boulevard':11 'cartierville':23 'crémazie':12 'denis':10 'divers':5 'extension':20,46 'intersection':6 'michel':17,43 'parc':19,45 'parc-extension':18,44 'plainte':3 'rue':7 'saint':9,16 'saint-denis':8 'st':42 'st-michel':41 't08':55 't13':27 'terminée':51 'téléphone':30 'villeray':15,40 'villeray-saint-michel':14 'voirie':4",20-250474,Plainte,Voirie - Divers,Intersection,,rue Saint-Denis,boulevard Crémazie,0,Villeray-Saint-Michel - Parc-Extension,Ahuntsic-Cartierville,,2020-10-05 13:20:22,Téléphone,1,0,0,0,0,0,0,0,0,VILLERAY - ST-MICHEL - PARC-EXTENSION,-73.63911554,45.54539016,293936.825,5045062.32,Terminée,2021-11-02 08:08:02
1617816,"-08':26 '-10':25,49 '-254767':2 '-29':50 '-73.667542006':43 '0':17,32,33,34,35,36,37,38,39 '1':31 '16':28 '20':1 '2020':24,48 '291713.7869999988':45 '37':29,52 '45.531210832':44 '47':53 '5043490.794999459':46 'ahuntsic':22 'ahuntsic-cartierville':21 'arrondissement':7 'boulevard':9 'cartierville':23 'côte':13 'côte-vertu':12 'de':10 'info':5 'info-travaux':4 'intersection':8 'la':11 'laurent':20,42 'plainte':3 'rue':15 'saint':19 'saint-laurent':18 'sauvé':16 'st':41 'st-laurent':40 't16':51 't17':27 'terminée':47 'travaux':6 'téléphone':30 'vertu':14",20-254767,Plainte,Info-travaux - Arrondissement,Intersection,,boulevard de la Côte-Vertu,rue Sauvé,0,Saint-Laurent,Ahuntsic-Cartierville,,2020-10-08 17:16:37,Téléphone,1,0,0,0,0,0,0,0,0,ST-LAURENT,-73.66754201,45.53121083,291713.787,5043490.795,Terminée,2020-10-29 16:37:47
1651704,"-09':23 '-11':22,46 '-12':47 '-285593':2 '-73.564967994':40 '0':12,29,30,31,32,33,34,35,36 '04':49 '1':28 '20':1 '2020':21,45 '299724.9479999995':42 '45.524615047':41 '47':25 '5042746.19799946':43 '51':26 '52':50 'collecte':4 'de':5 'déchets':6 'intersection':7 'le':16 'marie':15,39 'mont':19 'panet':11 'plainte':3 'plateau':18 'plateau-mont-royal':17 'royal':20 'rue':8,10 'sherbrooke':9 't10':48 't19':24 'terminée':44 'téléphone':27 'ville':14,38 'ville-marie':13,37",20-285593,Plainte,Collecte de déchets,Intersection,,rue Sherbrooke,rue Panet,0,Ville-Marie,Le Plateau-Mont-Royal,,2020-11-09 19:47:51,Téléphone,1,0,0,0,0,0,0,0,0,VILLE-MARIE,-73.56496799,45.52461505,299724.948,5042746.198,Terminée,2020-11-12 10:04:52
1660611,"-11':23,45 '-17':24 '-19':46 '-293791':2 '-73.60941956167645':39 '0':14,30,31,32,33,34,35,36,37 '01':49 '1':29 '20':1 '2020':22,44 '296252.5273059273':41 '35':48 '45.52439218137378':40 '5042725.201421803':42 '54':26 '58':27 'adresse':11 'arrondissement':6 'bureau':4 'clientèle':10 'd':5 'h2v4c2':21 'hutchison':13 'la':9 'le':16 'mont':19 'outremont':15,38 'plainte':3 'plateau':18 'plateau-mont-royal':17 'refusée':43 'royal':20 'rue':12 'service':7 't11':47 't15':25 'téléphone':28 'à':8",20-293791,Plainte,Bureau d'arrondissement - Service à la clientèle,Adresse,rue Hutchison,,,0,Outremont,Le Plateau-Mont-Royal,H2V4C2,2020-11-17 15:54:58,Téléphone,1,0,0,0,0,0,0,0,0,OUTREMONT,-73.60941956,45.52439218,296252.5273,5042725.201,Refusée,2020-11-19 11:35:01
1663009,"-11':26 '-12':50 '-15':51 '-19':27 '-295976':2 '-73.589319715':44 '0':16,33,34,35,36,37,38,39,40 '1':32 '10':29 '17':54 '20':1 '2020':25,49 '297821.7139999996':46 '32':53 '41':30 '45.516764376':45 '5041875.57399946':47 'avenue':8,11 'collecte':4 'de':5 'du':9,12 'déchets':6 'intersection':7 'le':20 'marie':19,43 'mont':14,23 'mont-royal':13 'parc':10 'plainte':3 'plateau':22 'plateau-mont-royal':21 'royal':15,24 't08':52 't15':28 'terminée':48 'téléphone':31 'ville':18,42 'ville-marie':17,41",20-295976,Plainte,Collecte de déchets,Intersection,,avenue du Parc,avenue du Mont-Royal,0,Ville-Marie,Le Plateau-Mont-Royal,,2020-11-19 15:10:41,Téléphone,1,0,0,0,0,0,0,0,0,VILLE-MARIE,-73.58931972,45.51676438,297821.714,5041875.574,Terminée,2020-12-15 08:32:17
1680012,"-04':46 '-09':23 '-12':22 '-22':47 '-311455':2 '-73.623346499':40 '0':12,29,30,31,32,33,34,35,36 '03':25 '1':28 '20':1 '2020':21 '2022':45 '295169.5749999996':42 '38':49 '41':50 '45.553505104':41 '5045962.13199946':43 '57':26 'ahuntsic':13,38 'ahuntsic-cartierville':37 'boulevard':8 'cartierville':14,39 'circulation':5 'crémazie':9 'extension':20 'fabre':11 'intersection':7 'michel':18 'parc':19 'plainte':3 'rue':10 'saint':17 'signalisation':4 't12':24 't16':48 'terminée':44 'téléphone':27 'villeray':16 'villeray-saint-michel-parc-extension':15 'études':6",20-311455,Plainte,Signalisation - Circulation - Études,Intersection,,boulevard Crémazie,rue Fabre,0,Ahuntsic - Cartierville,Villeray-Saint-Michel-Parc-Extension,,2020-12-09 12:03:57,Téléphone,1,0,0,0,0,0,0,0,0,AHUNTSIC-CARTIERVILLE,-73.6233465,45.5535051,295169.575,5045962.132,Terminée,2022-04-22 16:38:41
1681461,"-11':24 '-12':23,47 '-18':48 '-312773':2 '-73.569649646':41 '0':13,30,31,32,33,34,35,36,37 '02':27 '04':50 '05':51 '1':29 '20':1 '2020':22,46 '299358.0179999996':43 '32':26 '45.511986399':42 '5041343.072999461':44 'clark':10 'domaine':6 'du':5 'intersection':8 'le':17 'marie':16,40 'mont':20 'occupation':4 'plainte':3 'plateau':19 'plateau-mont-royal':18 'public':7 'royal':21 'rue':9,11 'sherbrooke':12 't09':25 't13':49 'terminée':45 'téléphone':28 'ville':15,39 'ville-marie':14,38",20-312773,Plainte,Occupation du domaine public,Intersection,,rue Clark,rue Sherbrooke,0,Ville-Marie,Le Plateau-Mont-Royal,,2020-12-11 09:32:02,Téléphone,1,0,0,0,0,0,0,0,0,VILLE-MARIE,-73.56964965,45.5119864,299358.018,5041343.073,Terminée,2020-12-18 13:04:05
1682050,"-05':56 '-10':57 '-11':27 '-12':26 '-313312':2 '-73.602217573':50 '0':14,33,34,35,36,37,38,39,40 '04':60 '11':59 '2':32 '20':1 '2020':25 '2022':55 '296808.2600000005':52 '30':29 '45.475870442':51 '46':30 '5037332.217999461':53 'arrondissement':7 'avenue':9 'boulevard':11 'claremont':10 'cote':42 'cote-des-neiges':41 'côte':16 'côte-des-neiges':15 'dame':21,47 'de':12,22,48 'des':17,43 'grâce':23,49 'info':5 'info-travaux':4 'intersection':8 'maisonneuve':13 'neiges':18,44 'notre':20,46 'notre-dame-de-grâce':19,45 'plainte':3 't15':58 't18':28 'terminée':54 'travaux':6 'téléphone':31 'westmount':24",20-313312,Plainte,Info-travaux - Arrondissement,Intersection,,avenue Claremont,boulevard De Maisonneuve,0,Côte-des-Neiges - Notre-Dame-de-Grâce,Westmount,,2020-12-11 18:30:46,Téléphone,2,0,0,0,0,0,0,0,0,COTE-DES-NEIGES - NOTRE-DAME-DE-GRÂCE,-73.60221757,45.47587044,296808.26,5037332.218,Terminée,2022-05-10 15:11:04
1682279,"-12':23,24,48 '-15':49 '-313519':2 '-73.554153768':42 '0':11,30,31,32,33,34,35,36,37 '07':52 '1':29 '10':26 '17':51 '20':1 '2020':22,47 '300573.50100000005':44 '45.575118975':43 '46':27 '5048358.14399946':45 'dickson':10 'divers':5 'hochelaga':14,40 'hochelaga-maisonneuve':13,39 'intersection':6 'la':18 'maisonneuve':15,41 'mercier':12,38 'patrie':21 'petite':20 'petite-patrie':19 'plainte':3 'rosemont':17 'rosemont-la':16 'rue':7,9 't15':25,50 'terminée':46 'turenne':8 'téléphone':28 'voirie':4",20-313519,Plainte,Voirie - Divers,Intersection,,rue Turenne,rue Dickson,0,Mercier - Hochelaga-Maisonneuve,Rosemont-La Petite-Patrie,,2020-12-12 15:10:46,Téléphone,1,0,0,0,0,0,0,0,0,MERCIER - HOCHELAGA-MAISONNEUVE,-73.55415377,45.57511898,300573.501,5048358.144,Terminée,2020-12-15 15:17:07
1719182,"-03':23,51 '-15':24 '-19':52 '-56582':2 '-73.56412509677465':45 '0':11,30,31,32,33,34,35,36,37 '1':29 '17':26 '20':1 '2020':22,50 '23':27 '299793.72904750746':47 '45.5577002300354':46 '47':54 '5046422.942435851':48 '52':55 'de':39 'espace':4,41 'hochelaga':14 'hochelaga-maisonneuve':13 'installation':8 'l':40 'la':6,18,43 'maisonneuve':15 'mercier':12 'patrie':21 'petite':20 'petite-patrie':19 'plainte':3 'pour':5,42 'rosemont':17 'rosemont-la':16 'rue':9 'service':38 'sherbrooke':10 't10':25 't16':53 'terminée':49 'téléphone':28 'vie':7,44",20-56582,Plainte,Espace pour la vie,Installation,rue Sherbrooke,,,0,Mercier - Hochelaga-Maisonneuve,Rosemont-La Petite-Patrie,,2020-03-15 10:17:23,Téléphone,1,0,0,0,0,0,0,0,0,SERVICE DE L ESPACE POUR LA VIE,-73.5641251,45.55770023,299793.729,5046422.942,Terminée,2020-03-19 16:47:52
1719255,"-03':26,54 '-15':27 '-19':55 '-56648':2 '-73.554457858':48 '0':15,33,34,35,36,37,38,39,40 '1':32 '11':58 '16':29 '20':1 '2020':25,53 '300548.2230000002':50 '32':30 '45.554635881':49 '48':57 '5046081.83899946':51 'boulevard':11 'de':42 'espace':4,44 'hochelaga':23 'intersection':8 'ix':14 'l':43 'la':6,17,46 'maisonneuve':24 'mercier':22 'mercier-hochelaga-maisonneuve':21 'patrie':20 'petite':19 'petite-patrie':18 'pie':13 'pie-ix':12 'plainte':3 'pour':5,45 'rosemont':16 'rue':9 'service':41 'sherbrooke':10 't15':28 't16':56 'terminée':52 'téléphone':31 'vie':7,47",20-56648,Plainte,Espace pour la vie,Intersection,,rue Sherbrooke,boulevard Pie-IX,0,Rosemont - La Petite-Patrie,Mercier-Hochelaga-Maisonneuve,,2020-03-15 15:16:32,Téléphone,1,0,0,0,0,0,0,0,0,SERVICE DE L ESPACE POUR LA VIE,-73.55445786,45.55463588,300548.223,5046081.839,Terminée,2020-03-19 16:48:11
1735312,"-04':26,52 '-20':27 '-21':53 '-71305':2 '-73.599064219':46 '0':13,32,33,35,36,37,38,39,40 '1':34 '16':30 '20':1 '2020':25,51 '24':55 '28':29 '297065.16499999986':48 '31':56 '45.551479376':47 '5045734.38299946':49 'avenue':7 'bélanger':12 'dds':5 'extension':24 'hébert':10 'intersection':6 'la':15,42 'louis':9 'louis-hébert':8 'michel':22 'parc':23 'patrie':18,45 'personne':31 'petite':17,44 'petite-patrie':16,43 'plainte':3 'retour':4 'rosemont':14,41 'rue':11 'saint':21 't11':28 't16':54 'terminée':50 'villeray':20 'villeray-saint-michel-parc-extension':19",20-71305,Plainte,Retour DDS,Intersection,,avenue Louis-Hébert,rue Bélanger,0,Rosemont - La Petite-Patrie,Villeray-Saint-Michel-Parc-Extension,,2020-04-20 11:28:16,Personne,0,0,1,0,0,0,0,0,0,ROSEMONT - LA PETITE-PATRIE,-73.59906422,45.55147938,297065.165,5045734.383,Terminée,2020-04-21 16:24:31
1763013,"-05':23,46 '-22':24 '-25':47 '-73.60620367872902':40 '-96488':2 '0':11,30,31,32,33,34,35,36,37 '06':27 '1':29 '20':1 '2020':22,45 '22':26 '29':49 '296509.06543920084':42 '30':50 '311':7 '45.560606272085614':41 '5046749.381718935':43 '8e':10 'adresse':8 'avenue':9 'centre':4 'de':5 'direction':38 'extension':20 'générale':39 'h2a3e1':21 'marie':14 'michel':18 'parc':19 'plainte':3 'saint':17 'services':6 't09':48 't17':25 'terminée':44 'téléphone':28 'ville':13 'ville-marie':12 'villeray':16 'villeray-saint-michel-parc-extension':15",20-96488,Plainte,Centre de services 311,Adresse,avenue 8e,,,0,Ville-Marie,Villeray-Saint-Michel-Parc-Extension,H2A3E1,2020-05-22 17:22:06,Téléphone,1,0,0,0,0,0,0,0,0,DIRECTION GÉNÉRALE,-73.60620368,45.56060627,296509.0654,5046749.382,Terminée,2020-05-25 09:29:30
1815514,"-06':21 '-08':22 '-11':45,46 '-144124':2 '-73.637640642':39 '0':11,28,29,30,31,32,33,34,35 '02':24 '1':27 '11':48 '2021':20,44 '21':1 '294052.1780000002':41 '38':25,49 '45.546344287':40 '5045168.154999459':42 'ahuntsic':12,37 'ahuntsic-cartierville':36 'boulevard':9 'cartierville':13,38 'crémazie':10 'entretien':5 'extension':19 'horticulture':4 'intersection':6 'lajeunesse':8 'michel':17 'parc':18 'plainte':3 'rue':7 'saint':16 't09':23 't11':47 'terminée':43 'téléphone':26 'villeray':15 'villeray-saint-michel-parc-extension':14",21-144124,Plainte,Horticulture - Entretien,Intersection,,rue Lajeunesse,boulevard Crémazie,0,Ahuntsic - Cartierville,Villeray-Saint-Michel-Parc-Extension,,2021-06-08 09:02:38,Téléphone,1,0,0,0,0,0,0,0,0,AHUNTSIC-CARTIERVILLE,-73.63764064,45.54634429,294052.178,5045168.155,Terminée,2021-11-11 11:11:38
1829003,"-06':23,45 '-156356':2 '-17':24 '-22':46 '-73.560659204':39 '0':16,30,31,32,33,34,35,36,37 '05':49 '07':48 '1':29 '15':27 '2021':22,44 '21':1 '300057.05399999954':41 '45.47122385':40 '5036812.549999459':42 '57':26 'boulevard':12 'circulation':5 'dubé':11 'gaétan':14 'gaétan-laberge':13 'gilberte':10 'gilberte-dubé':9 'intersection':7 'laberge':15 'le':18 'ouest':21 'plainte':3 'rue':8 'signalisation':4 'sud':20 'sud-ouest':19 't11':25 't12':47 'terminée':43 'téléphone':28 'verdun':17,38 'études':6",21-156356,Plainte,Signalisation - Circulation - Études,Intersection,,rue Gilberte-Dubé,boulevard Gaétan-Laberge,0,Verdun,Le Sud-Ouest,,2021-06-17 11:57:15,Téléphone,1,0,0,0,0,0,0,0,0,VERDUN,-73.5606592,45.47122385,300057.054,5036812.55,Terminée,2021-06-22 12:07:05
1834677,"-01':31 '-02':59 '-16153':2 '-17':60 '-21':32 '-73.59278382':53 '0':16,38,39,40,41,42,43,44,45 '1':37 '11':63 '13e':15 '2021':30,58 '21':1 '297556.4590000001':55 '31':35 '41':34 '45':62 '45.558692201':54 '5046535.368999461':56 'arrondissement':6 'avenue':14 'bureau':4 'bélanger':13 'clientèle':10 'd':5 'extension':23,52 'intersection':11 'la':9,26 'michel':20,49 'parc':22,51 'parc-extension':21,50 'patrie':29 'petite':28 'petite-patrie':27 'plainte':3 'rosemont':25 'rosemont-la':24 'rue':12 'saint':19 'service':7 'st':48 'st-michel':47 't11':33,61 'terminée':57 'téléphone':36 'villeray':18,46 'villeray-saint-michel':17 'à':8",21-16153,Plainte,Bureau d'arrondissement - Service à la clientèle,Intersection,,rue Bélanger,avenue 13e,0,Villeray-Saint-Michel - Parc-Extension,Rosemont-La Petite-Patrie,,2021-01-21 11:41:31,Téléphone,1,0,0,0,0,0,0,0,0,VILLERAY - ST-MICHEL - PARC-EXTENSION,-73.59278382,45.5586922,297556.459,5046535.369,Terminée,2021-02-17 11:45:11
1865322,"-07':21,43 '-16':22 '-189315':2 '-27':44 '-73.541531947':37 '0':14,28,29,30,31,32,33,34,35 '1':27 '2021':20,42 '21':1 '301560.51199999964':39 '35':25 '43':46 '45.608571255':38 '5052075.182999459':40 '52':24 '58':47 'anjou':15,36 'arrondissement':7 'avenue':9,11 'des':12 'hochelaga':18 'info':5 'info-travaux':4 'intersection':8 'maisonneuve':19 'mercier':17 'mercier-hochelaga-maisonneuve':16 'ormeaux':13 'plainte':3 't08':45 't14':23 'terminée':41 'travaux':6 'téléphone':26 'éric':10",21-189315,Plainte,Info-travaux - Arrondissement,Intersection,,avenue Éric,avenue Des Ormeaux,0,Anjou,Mercier-Hochelaga-Maisonneuve,,2021-07-16 14:52:35,Téléphone,1,0,0,0,0,0,0,0,0,ANJOU,-73.54153195,45.60857126,301560.512,5052075.183,Terminée,2021-07-27 08:43:58
1873182,"-07':25,51 '-196457':2 '-23':26,52 '-73.554457858':45 '0':14,32,33,34,35,36,37,38,39 '00':29 '1':31 '10':55 '2021':24,50 '21':1 '300548.2230000002':47 '39':54 '45.554635881':46 '49':28 '5046081.83899946':48 'boulevard':10 'cyclable':5 'hochelaga':22 'intersection':7 'ix':13 'la':16,41 'maisonneuve':23 'mercier':21 'mercier-hochelaga-maisonneuve':20 'patrie':19,44 'petite':18,43 'petite-patrie':17,42 'pie':12 'pie-ix':11 'plainte':3 'rosemont':15,40 'rue':8 'sherbrooke':9 't09':27 't14':53 'terminée':49 'téléphone':30 'voie':4 'études':6",21-196457,Plainte,Voie cyclable - Études,Intersection,,rue Sherbrooke,boulevard Pie-IX,0,Rosemont - La Petite-Patrie,Mercier-Hochelaga-Maisonneuve,,2021-07-23 09:49:00,Téléphone,1,0,0,0,0,0,0,0,0,ROSEMONT - LA PETITE-PATRIE,-73.55445786,45.55463588,300548.223,5046081.839,Terminée,2021-07-23 14:39:10
1879687,"-01':26 '-08':48 '-20235':2 '-27':27 '-30':49 '-73.590262998':42 '0':18,33,34,35,36,37,38,39,40 '03':30 '06':51 '1':32 '11':52 '2021':25 '2023':47 '21':1 '297747.8949999991':44 '31':29 '45.515779344':43 '5041766.188999461':45 'boulevard':14 'catherine':13 'chemin':7 'côte':11 'côte-sainte-catherine':10 'de':8 'déneigement':5 'intersection':6 'la':9 'le':20 'mont':16,23 'mont-royal':15 'opération':4 'outremont':19,41 'plainte':3 'plateau':22 'plateau-mont-royal':21 'royal':17,24 'sainte':12 't13':50 't16':28 'terminée':46 'téléphone':31",21-20235,Plainte,Opération déneigement,Intersection,,chemin de la Côte-Sainte-Catherine,boulevard Mont-Royal,0,Outremont,Le Plateau-Mont-Royal,,2021-01-27 16:31:03,Téléphone,1,0,0,0,0,0,0,0,0,OUTREMONT,-73.590263,45.51577934,297747.895,5041766.189,Terminée,2023-08-30 13:06:11
1887830,"-01':28 '-02':58 '-20978':2 '-26':59 '-28':29 '-73.632108643':52 '0':13,35,36,37,38,39,40,41,42 '09':61 '1':34 '13':31 '2021':27,57 '21':1 '26':32 '294472.09700000024':54 '45.480408549':53 '5037839.94499946':55 '55':62 'avenue':7 'chemin':9 'cote':44 'cote-des-neiges':43 'côte':15,24 'côte-des-neiges':14 'côte-saint-luc':23 'dame':20,49 'de':21,50 'des':16,45 'déneigement':5 'grâce':22,51 'intersection':6 'luc':26 'macdonald':8 'mary':12 'neiges':17,46 'notre':19,48 'notre-dame-de-grâce':18,47 'opération':4 'plainte':3 'queen':11 'queen-mary':10 'saint':25 't16':30 't19':60 'terminée':56 'téléphone':33",21-20978,Plainte,Opération déneigement,Intersection,,avenue Macdonald,chemin Queen-Mary,0,Côte-des-Neiges - Notre-Dame-de-Grâce,Côte-Saint-Luc,,2021-01-28 16:13:26,Téléphone,1,0,0,0,0,0,0,0,0,COTE-DES-NEIGES - NOTRE-DAME-DE-GRÂCE,-73.63210864,45.48040855,294472.097,5037839.945,Terminée,2021-02-26 19:09:55
1893657,"-01':21 '-03':45 '-05':46 '-21509':2 '-29':22 '-73.562109899':39 '0':11,28,29,30,31,32,33,34,35 '1':27 '19':49 '2021':20,44 '21':1 '299948.9890000001':41 '33':25 '45.533659127':40 '47':48 '5043751.098999459':42 '56':24 'divers':5 'fullum':10 'intersection':6 'le':15 'marie':14,38 'mont':18 'plainte':3 'plateau':17 'plateau-mont-royal':16 'royal':19 'rue':7,9 'sherbrooke':8 't13':23,47 'terminée':43 'téléphone':26 'ville':13,37 'ville-marie':12,36 'voirie':4",21-21509,Plainte,Voirie - Divers,Intersection,,rue Sherbrooke,rue Fullum,0,Ville-Marie,Le Plateau-Mont-Royal,,2021-01-29 13:56:33,Téléphone,1,0,0,0,0,0,0,0,0,VILLE-MARIE,-73.5621099,45.53365913,299948.989,5043751.099,Terminée,2021-03-05 13:47:19
1896272,"-02':52 '-08':25 '-12':26 '-20':53 '-217478':2 '-73.569967673':46 '0':16,32,33,34,35,36,37,38,39 '03':55 '2021':24 '2025':51 '21':1 '299331.1789999994':48 '3':31 '45':29 '45.4914244':47 '5039058.029999461':49 '51':28 '52':56 'actif':43 'central':8 'collectifs':45 'cyclable':5 'division':40 'du':41 'et':44 'guy':15 'intersection':9 'jacques':13 'le':17 'marie':23 'ouest':20 'plainte':3 'planification':6 'rue':10,14 'saint':12 'saint-jacques':11 'service':7 'sud':19 'sud-ouest':18 't10':27 't14':54 'terminée':50 'transport':42 'téléphone':30 'ville':22 'ville-marie':21 'voie':4",21-217478,Plainte,Voie cyclable - Planification - Service central,Intersection,,rue Saint-Jacques,rue Guy,0,Le Sud-Ouest,Ville-Marie,,2021-08-12 10:51:45,Téléphone,3,0,0,0,0,0,0,0,0,DIVISION DU TRANSPORT ACTIF ET COLLECTIFS,-73.56996767,45.4914244,299331.179,5039058.03,Terminée,2025-02-20 14:03:52
1906022,"-08':24,48 '-20':25,49 '-226333':2 '-73.56556133':42 '0':14,31,32,33,34,35,36,37,38 '03':51 '1':30 '12':52 '2021':23,47 '21':1 '299678.3040000001':44 '40':27 '45.521365269':43 '5042385.08499946':45 '54':28 'atateken':11 'de':5 'intersection':9 'le':18 'marie':17,41 'mont':21 'panier':4 'plainte':3 'plateau':20 'plateau-mont-royal':19 'royal':22 'rue':6,10,12 'sherbrooke':13 't10':26 't11':50 'terminée':46 'téléphone':29 'vider':8 'ville':16,40 'ville-marie':15,39 'à':7",21-226333,Plainte,Panier de rue à vider,Intersection,,rue Atateken,rue Sherbrooke,0,Ville-Marie,Le Plateau-Mont-Royal,,2021-08-20 10:40:54,Téléphone,1,0,0,0,0,0,0,0,0,VILLE-MARIE,-73.56556133,45.52136527,299678.304,5042385.085,Terminée,2021-08-20 11:03:12
1943356,"-02':26,54 '-04':27 '-15':55 '-26021':2 '-73.610078838':48 '0':13,33,34,35,36,37,38,39,40 '00':30 '1':32 '2021':25,53 '21':1 '26':29 '296204.11100000027':50 '33':58 '45.544632043':49 '5044974.54999946':51 '52':57 'chambord':8 'extension':24,47 'intersection':6 'jean':11 'jean-talon':10 'la':15 'michel':22,44 'neige':4 'parc':23,46 'parc-extension':45 'patrie':18 'petite':17 'petite-patrie':16 'plainte':3 'remorquage':5 'rosemont':14 'rue':7,9 'saint':21 'st':43 'st-michel':42 't09':56 't20':28 'talon':12 'terminée':52 'téléphone':31 'villeray':20,41 'villeray-saint-michel-parc-extension':19",21-26021,Plainte,Neige - Remorquage,Intersection,,rue Chambord,rue Jean-Talon,0,Rosemont - La Petite-Patrie,Villeray-Saint-Michel-Parc-Extension,,2021-02-04 20:26:00,Téléphone,1,0,0,0,0,0,0,0,0,VILLERAY - ST-MICHEL - PARC-EXTENSION,-73.61007884,45.54463204,296204.111,5044974.55,Terminée,2021-02-15 09:52:33
1963446,"-02':27,57 '-07':28 '-26':58 '-27841':2 '-73.64078644189046':51 '0':14,34,35,36,37,38,39,40,41 '09':60 '1':33 '2021':26,56 '21':1 '28':30 '293792.81549619493':53 '44':31 '45.47591821639851':52 '5037342.086278434':54 '56':61 'adresse':6 'chemin':7 'cote':43 'cote-des-neiges':42 'côte':11,16 'côte-des-neiges':15 'côte-saint-luc':10 'dame':21,48 'de':8,22,49 'des':17,44 'déneigement':5 'grâce':23,50 'h3x2g4':25 'hampstead':24 'la':9 'luc':13 'neiges':18,45 'notre':20,47 'notre-dame-de-grâce':19,46 'opération':4 'plainte':3 'saint':12 't00':29 't19':59 'terminée':55 'téléphone':32",21-27841,Plainte,Opération déneigement,Adresse,chemin de la Côte-Saint-Luc,,,0,Côte-des-Neiges - Notre-Dame-de-Grâce,Hampstead,H3X2G4,2021-02-07 00:28:44,Téléphone,1,0,0,0,0,0,0,0,0,COTE-DES-NEIGES - NOTRE-DAME-DE-GRÂCE,-73.64078644,45.47591822,293792.8155,5037342.086,Terminée,2021-02-26 19:09:56
2017648,"-08':23 '-12':22,47 '-13':48 '-327660':2 '-73.578260068':41 '0':12,29,30,31,32,33,34,35,36 '1':28 '2021':21,46 '21':1 '298685.1180000002':43 '43':26 '45.510728569':42 '5041203.908999461':44 '52':50 '55':25 '57':51 'avenue':9 'des':10 'déneigement':5 'hutchison':8 'intersection':6 'le':13 'marie':20 'mont':16,39 'opération':4 'pins':11 'plainte':3 'plateau':15,38 'plateau-mont-royal':14,37 'royal':17,40 'rue':7 't09':24 't15':49 'terminée':45 'téléphone':27 'ville':19 'ville-marie':18",21-327660,Plainte,Opération déneigement,Intersection,,rue Hutchison,avenue des Pins,0,Le Plateau-Mont-Royal,Ville-Marie,,2021-12-08 09:55:43,Téléphone,1,0,0,0,0,0,0,0,0,PLATEAU-MONT-ROYAL,-73.57826007,45.51072857,298685.118,5041203.909,Terminée,2021-12-13 15:52:57
2025679,"-03':45 '-12':21 '-15':22 '-21':46 '-334939':2 '-73.564980893':39 '0':11,28,29,30,31,32,33,34,35 '08':49 '1':27 '2021':20 '2022':44 '21':1 '27':25 '299723.94299999974':41 '39':48 '41':24 '45.524644275':40 '5042749.44699946':42 'arrondissement':5 'intersection':6 'le':15 'marie':14,38 'mont':18 'panet':10 'personnel':4 'plainte':3 'plateau':17 'plateau-mont-royal':16 'royal':19 'rue':7,9 'sherbrooke':8 't13':47 't19':23 'terminée':43 'téléphone':26 'ville':13,37 'ville-marie':12,36",21-334939,Plainte,Personnel - Arrondissement,Intersection,,rue Sherbrooke,rue Panet,0,Ville-Marie,Le Plateau-Mont-Royal,,2021-12-15 19:41:27,Téléphone,1,0,0,0,0,0,0,0,0,VILLE-MARIE,-73.56498089,45.52464428,299723.943,5042749.447,Terminée,2022-03-21 13:39:08
2057495,"-03':18,41 '-18':19 '-23':42 '-56387':2 '-73.6604937934585':35 '0':25,26,27,28,29,30,31,32 '02':21 '1':13 '11':45 '14':22 '2021':17,40 '21':1 '292241.5880327502':37 '311':7 '4':24 '43':44 '45.42887352016884':36 '5032116.920980104':38 'adresse':8 'ahuntsic':14 'cartierville':15 'centre':4 'de':5 'direction':33 'générale':34 'joseph':11 'joseph-quintal':10 'lasalle':16 'plainte':3 'quintal':12 'rue':9 'services':6 't09':20 't11':43 'terminée':39 'téléphone':23",21-56387,Plainte,Centre de services 311,Adresse,rue Joseph-Quintal,,,1,Ahuntsic - Cartierville,LaSalle,,2021-03-18 09:02:14,Téléphone,4,0,0,0,0,0,0,0,0,DIRECTION GÉNÉRALE,-73.66049379,45.42887352,292241.588,5032116.921,Terminée,2021-03-23 11:43:11
2061243,"-03':30 '-11':60 '-16':61 '-22':31 '-59789':2 '-73.594223518':54 '0':16,37,38,39,40,41,42,43,44 '09':64 '1':36 '17':33 '2021':29 '2022':59 '21':1 '297436.8280000001':56 '31':34,63 '45.503215944':55 '5040370.36599946':57 'camillien':12 'camillien-houde':11 'chemin':14 'cote':46 'cote-des-neiges':45 'côte':18 'côte-des-neiges':17 'dame':23,51 'de':24,52 'des':19,47 'entretien':8 'et':6 'grâce':25,53 'houde':13 'intersection':9 'marie':28 'neiges':20,48 'notre':22,50 'notre-dame-de-grâce':21,49 'plainte':3 'plaques':7 'remembrance':15 'sculptures':5 'statues':4 't07':62 't17':32 'terminée':58 'téléphone':35 'ville':27 'ville-marie':26 'voie':10",21-59789,Plainte,"Statues, sculptures et plaques - Entretien",Intersection,,voie Camillien-Houde,chemin Remembrance,0,Côte-des-Neiges - Notre-Dame-de-Grâce,Ville-Marie,,2021-03-22 17:17:31,Téléphone,1,0,0,0,0,0,0,0,0,COTE-DES-NEIGES - NOTRE-DAME-DE-GRÂCE,-73.59422352,45.50321594,297436.828,5040370.366,Terminée,2022-11-16 07:31:09
2083126,"-04':28 '-06':54 '-13':29 '-16':55 '-73.615168982':48 '-79629':2 '0':15,34,35,37,38,39,40,41,42 '1':36 '19':58 '2021':27,53 '21':1 '22':31 '295805.49600000016':50 '45.537523099':49 '5044185.081999461':51 '54':57 '57':32 'domaine':6 'drolet':14 'du':5 'extension':26 'intersection':8 'jean':11 'jean-talon':10 'la':17,44 'michel':24 'occupation':4 'parc':25 'patrie':20,47 'personne':33 'petite':19,46 'petite-patrie':18,45 'plainte':3 'public':7 'rosemont':16,43 'rue':9,13 'saint':23 't10':56 't11':30 'talon':12 'terminée':52 'villeray':22 'villeray-saint-michel-parc-extension':21",21-79629,Plainte,Occupation du domaine public,Intersection,,rue Jean-Talon,rue Drolet,0,Rosemont - La Petite-Patrie,Villeray-Saint-Michel-Parc-Extension,,2021-04-13 11:22:57,Personne,0,0,1,0,0,0,0,0,0,ROSEMONT - LA PETITE-PATRIE,-73.61516898,45.5375231,295805.496,5044185.082,Terminée,2021-06-16 10:54:19
2087982,"-04':23 '-10':52 '-16':24 '-18':53 '-73.580972915':46 '-84042':2 '0':16,30,31,32,33,34,35,36,37 '05':56 '09':26 '1':29 '2021':22,51 '21':1 '24':27 '298467.74999999965':48 '41':55 '45.462523801':47 '5035847.11499946':49 'boulevard':10 'de':11,39,43 'et':42 'galt':15 'intersection':9 'l':40 'la':12,44 'le':18 'libre':7 'libre-service':6 'mobilité':4,45 'ouest':21 'plainte':3 'rue':14 'service':8,38 'sud':20 'sud-ouest':19 't10':54 't15':25 'terminée':50 'téléphone':28 'urbanisme':41 'verdun':17 'vérendrye':13 'électrique':5",21-84042,Plainte,Mobilité électrique libre-service,Intersection,,boulevard De La Vérendrye,rue Galt,0,Verdun,Le Sud-Ouest,,2021-04-16 15:09:24,Téléphone,1,0,0,0,0,0,0,0,0,SERVICE DE L URBANISME ET DE LA MOBILITÉ,-73.58097292,45.4625238,298467.75,5035847.115,Terminée,2021-10-18 10:41:05
1056707,"-05':10 '-09':31 '-163220':2 '-18':11 '-20':32 '0':16,17,19,20,21,22,23,24 '1':18 '14':34 '19':1 '2019':9,30 '30':35 '47':14 '50':13 'adresse':5 'de':7,26 'environnement':28 'l':27 'montréal':8 'personne':15 'plainte':3 'service':25 't11':33 't16':12 'terminée':29 'ville':6 'écocentre':4",19-163220,Plainte,Écocentre,Adresse,,,,,Ville de Montréal,,,2019-05-18 16:50:47,Personne,0,0,1,0,0,0,0,0,0,SERVICE DE L ENVIRONNEMENT,,,,,Terminée,2019-09-20 11:14:30
1056687,"-01':14,33 '-04':13,32 '-109372':2 '0':20,21,22,23,24,25,26,27 '03':35 '05':36 '1':19 '19':1 '2019':12,31 '21':17 '311':7 '49':16 'adresse':8 'centre':4 'de':5,10 'direction':28 'générale':29 'montréal':11 'plainte':3 'services':6 't10':15 't13':34 'terminée':30 'téléphone':18 'ville':9",19-109372,Plainte,Centre de services 311,Adresse,,,,,Ville de Montréal,,,2019-04-01 10:49:21,Téléphone,1,0,0,0,0,0,0,0,0,DIRECTION GÉNÉRALE,,,,,Terminée,2019-04-01 13:03:05
1056760,"-08':14,39 '-12':15,40 '-266017':2 '0':21,22,23,24,25,26,27,28 '09':42 '1':20 '10':17 '19':1,43 '2019':13,38 '24':18 'adresse':9 'de':11,30,34 'et':33 'l':31 'la':35 'libre':7 'libre-service':6 'mobilité':4,36 'montréal':12 'plainte':3 'service':8,29 't11':16 't16':41 'terminée':37 'téléphone':19 'urbanisme':32 'ville':10 'électrique':5",19-266017,Plainte,Mobilité électrique libre-service,Adresse,,,,,Ville de Montréal,,,2019-08-12 11:10:24,Téléphone,1,0,0,0,0,0,0,0,0,SERVICE DE L URBANISME ET DE LA MOBILITÉ,,,,,Terminée,2019-08-12 16:09:19
1056780,"-01':13,32 '-27':14 '-30':33 '-30917':2 '0':20,21,22,23,24,25,26,27 '03':35 '1':19 '19':1 '2019':12,31 '311':7 '37':36 '48':17 '59':16 'adresse':8 'centre':4 'de':5,10 'direction':28 'générale':29 'montréal':11 'plainte':3 'services':6 't12':34 't13':15 'terminée':30 'téléphone':18 'ville':9",19-30917,Plainte,Centre de services 311,Adresse,,,,,Ville de Montréal,,,2019-01-27 13:59:48,Téléphone,1,0,0,0,0,0,0,0,0,DIRECTION GÉNÉRALE,,,,,Terminée,2019-01-30 12:03:37
1056804,"-01':27 '-12':26,49 '-18':50 '-377994':2 '0':33,34,35,36,37,38,39,40 '1':32 '18':52 '19':1 '2019':25,48 '37':53 '51':29 '54':30 'boulevard':10,18 'central':8 'côte':14 'côte-vertu':13 'd':44 'de':11,23 'des':42 'info':5 'info-travaux':4 'infrastructures':45 'jules':20 'jules-poitras':19 'la':12 'montréal':24 'muir':17 'plainte':3 'poitras':21 'projets':43 'rue':16 'réalisation':41 'service':7 't13':51 't14':28 'terminée':47 'travaux':6 'troncon':9 'téléphone':31 'urbaines':46 'vertu':15 'ville':22",19-377994,Plainte,Info-travaux - Service central,Troncon,boulevard de la Côte-Vertu,rue Muir,boulevard Jules-Poitras,,Ville de Montréal,,,2019-12-01 14:51:54,Téléphone,1,0,0,0,0,0,0,0,0,RÉALISATION DES PROJETS D INFRASTRUCTURES URBAINES,,,,,Terminée,2019-12-18 13:18:37
1056922,"-09':33 '-10':13 '-11':32 '-274013':2 '-28':14 '0':20,21,22,23,24,25,26,27 '08':17 '1':19 '18':16 '20':1 '2020':12,31 '28':35,36 '311':7 'adresse':8 'centre':4 'de':5,10 'direction':28 'générale':29 'montréal':11 'plainte':3 'services':6 't13':34 't18':15 'terminée':30 'téléphone':18 'ville':9",20-274013,Plainte,Centre de services 311,Adresse,,,,,Ville de Montréal,,,2020-10-28 18:18:08,Téléphone,1,0,0,0,0,0,0,0,0,DIRECTION GÉNÉRALE,,,,,Terminée,2020-11-09 13:28:28
1057013,"-01':38 '-05':15,16 '-06':39 '-102721':2 '0':22,23,24,25,26,27,28,29 '06':41 '1':21 '15':42 '19':19 '2021':14 '2022':37 '21':1 '38':18 'adresse':10 'arrond':32 'citoyenne':35 'de':12 'des':31 'et':33 'expérience':34 'info':8 'info-remorquage':7 'montréal':13 'plainte':3 'remorquage':9 'ser.concertation':30 'site':5 'soutien':4 't13':17 't15':40 'terminée':36 'téléphone':20 'ville':11 'web':6",21-102721,Plainte,Soutien Site web Info-Remorquage,Adresse,,,,,Ville de Montréal,,,2021-05-05 13:38:19,Téléphone,1,0,0,0,0,0,0,0,0,SER.CONCERTATION DES ARROND. ET EXPÉRIENCE CITOYENNE,,,,,Terminée,2022-01-06 15:06:15
1057015,"-05':13,32 '-10':14 '-106725':2 '-13':33 '0':20,21,22,23,24,25,26,27 '1':19 '12':35 '15':16 '2021':12,31 '21':1 '311':7 '36':36 '41':17 'adresse':8 'centre':4 'de':5,10 'direction':28 'générale':29 'montréal':11 'plainte':3 'services':6 't09':15 't21':34 'terminée':30 'téléphone':18 'ville':9",21-106725,Plainte,Centre de services 311,Adresse,,,,,Ville de Montréal,,,2021-05-10 09:15:41,Téléphone,1,0,0,0,0,0,0,0,0,DIRECTION GÉNÉRALE,,,,,Terminée,2021-05-13 21:12:36
1057047,"-06':13,32 '-165997':2 '-27':14 '-29':33 '0':20,21,22,23,24,25,26,27 '00':16 '1':19 '12':17 '2021':12,31 '21':1 '311':7 '36':36 '59':35 'adresse':8 'centre':4 'de':5,10 'direction':28 'générale':29 'montréal':11 'plainte':3 'services':6 't08':34 't13':15 'terminée':30 'téléphone':18 'ville':9",21-165997,Plainte,Centre de services 311,Adresse,,,,,Ville de Montréal,,,2021-06-27 13:00:12,Téléphone,1,0,0,0,0,0,0,0,0,DIRECTION GÉNÉRALE,,,,,Terminée,2021-06-29 08:59:36
1057048,"-06':13,32 '-166009':2 '-27':14 '-29':33 '0':20,21,22,23,24,25,26,27 '00':35 '1':19 '17':16 '2021':12,31 '21':1 '22':17 '311':7 '40':36 'adresse':8 'centre':4 'de':5,10 'direction':28 'générale':29 'montréal':11 'plainte':3 'services':6 't09':34 't13':15 'terminée':30 'téléphone':18 'ville':9",21-166009,Plainte,Centre de services 311,Adresse,,,,,Ville de Montréal,,,2021-06-27 13:17:22,Téléphone,1,0,0,0,0,0,0,0,0,DIRECTION GÉNÉRALE,,,,,Terminée,2021-06-29 09:00:40
1057067,"-07':11,36 '-202758':2 '-29':12 '-30':37 '0':17,19,20,21,22,23,24,25 '01':40 '1':18 '2021':10,35 '21':1 '23':14 '31':15 '40':39 'adresse':6 'courriel':16 'de':8,30 'des':27 'et':29 'finances':28 'foncière':33 'foncières':5 'l':31 'montréal':9 'plainte':3 'service':26 't12':13 't14':38 'taxes':4 'terminée':34 'ville':7 'évaluation':32",21-202758,Plainte,Taxes foncières,Adresse,,,,,Ville de Montréal,,,2021-07-29 12:23:31,Courriel,0,1,0,0,0,0,0,0,0,SERVICE DES FINANCES ET DE L ÉVALUATION FONCIÈRE,,,,,Terminée,2021-07-30 14:40:01
1057094,"-08':13,32 '-234896':2 '-28':14,33 '0':20,21,22,23,24,25,26,27 '1':19 '12':35 '2021':12,31 '21':1 '22':16 '311':7 '37':36 '48':17 'adresse':8 'centre':4 'de':5,10 'direction':28 'générale':29 'montréal':11 'plainte':3 'refusée':30 'services':6 't12':15 't18':34 'téléphone':18 'ville':9",21-234896,Plainte,Centre de services 311,Adresse,,,,,Ville de Montréal,,,2021-08-28 12:22:48,Téléphone,1,0,0,0,0,0,0,0,0,DIRECTION GÉNÉRALE,,,,,Refusée,2021-08-28 18:12:37
1057138,"-11':13,40 '-12':14 '-16':41 '-308055':2 '0':20,21,22,23,24,25,26,27 '1':19 '15':43 '2021':12,39 '21':1 '27':16 '31':17 '311':7 '55':44 'adresse':8 'centre':4,35 'citoyenne':32 'de':5,10,29,36 'direction':28 'du':34 'et':33 'expérience':31 'l':30 'montréal':11 'plainte':3 'services':6,37 't11':42 't14':15 'terminée':38 'téléphone':18 'ville':9",21-308055,Plainte,Centre de services 311,Adresse,,,,,Ville de Montréal,,,2021-11-12 14:27:31,Téléphone,1,0,0,0,0,0,0,0,0,DIRECTION DE L EXPÉRIENCE CITOYENNE ET DU CENTRE DE SERVICES,,,,,Terminée,2021-11-16 11:15:55
1057152,"-07':14 '-12':13,40 '-17':41 '-326676':2 '0':20,21,22,23,24,25,26,27 '05':16 '1':19 '2021':12,39 '21':1 '22':44 '311':7 '33':17 '46':43 'adresse':8 'centre':4,35 'citoyenne':32 'de':5,10,29,36 'direction':28 'du':34 'et':33 'expérience':31 'l':30 'montréal':11 'plainte':3 'services':6,37 't13':15 't15':42 'terminée':38 'téléphone':18 'ville':9",21-326676,Plainte,Centre de services 311,Adresse,,,,,Ville de Montréal,,,2021-12-07 13:05:33,Téléphone,1,0,0,0,0,0,0,0,0,DIRECTION DE L EXPÉRIENCE CITOYENNE ET DU CENTRE DE SERVICES,,,,,Terminée,2021-12-17 15:46:22
1057181,"-01':11,32 '-06':12 '-11':33 '-3582':2 '0':18,19,20,21,22,23,24,25 '1':17 '15':36 '2021':10,31 '21':1 '24':15 '34':14 '48':35 'adresse':6 'affaires':28 'cour':4 'de':8 'des':27 'juridiques':29 'montréal':9 'municipale':5 'plainte':3 'service':26 't11':34 't13':13 'terminée':30 'téléphone':16 'ville':7",21-3582,Plainte,Cour municipale,Adresse,,,,,Ville de Montréal,,,2021-01-06 13:34:24,Téléphone,1,0,0,0,0,0,0,0,0,SERVICE DES AFFAIRES JURIDIQUES,,,,,Terminée,2021-01-11 11:48:15
1057220,"-04':13 '-05':32 '-12':14,33 '-78976':2 '0':20,21,22,23,24,25,26,27 '1':19 '13':36 '2021':12,31 '21':1 '24':17 '311':7 '55':35 '56':16 'adresse':8 'centre':4 'de':5,10 'direction':28 'générale':29 'montréal':11 'plainte':3 'services':6 't17':15,34 'terminée':30 'téléphone':18 'ville':9",21-78976,Plainte,Centre de services 311,Adresse,,,,,Ville de Montréal,,,2021-04-12 17:56:24,Téléphone,1,0,0,0,0,0,0,0,0,DIRECTION GÉNÉRALE,,,,,Terminée,2021-05-12 17:55:13
1056696,"-01':13,38 '-12':14 '-13970':2 '-14':39 '0':20,21,22,23,24,25,26,27 '1':19 '13':41 '19':1 '2019':12,37 '38':16 '41':42 '54':17 'adresse':8 'de':5,10,29,31,34 'enquête':7 'intervention':4 'la':32 'montreal':35 'montréal':11 'plainte':3 'police':30 'service':28 'stationnement':6 't08':40 't15':15 'terminée':36 'téléphone':18 'ville':9,33",19-13970,Plainte,Intervention de stationnement - Enquête,Adresse,,,,,Ville de Montréal,,,2019-01-12 15:38:54,Téléphone,1,0,0,0,0,0,0,0,0,SERVICE DE POLICE DE LA VILLE DE MONTREAL,,,,,Terminée,2019-01-14 08:13:41
1056718,"-01':11 '-06':10 '-09':31 '-179691':2 '-20':32 '0':17,18,19,20,21,22,23,24 '01':13 '1':16 '19':1 '2019':9,30 '30':14 '47':35 '59':34 'adresse':5 'de':7,26 'environnement':28 'l':27 'montréal':8 'plainte':3 'service':25 't10':12,33 'terminée':29 'téléphone':15 'ville':6 'écocentre':4",19-179691,Plainte,Écocentre,Adresse,,,,,Ville de Montréal,,,2019-06-01 10:01:30,Téléphone,1,0,0,0,0,0,0,0,0,SERVICE DE L ENVIRONNEMENT,,,,,Terminée,2019-09-20 10:59:47
1056720,"-03':14 '-04':33 '-06':13,32 '-180406':2 '0':19,21,22,23,24,25,26,27 '1':20 '10':16 '12':35 '19':1 '2019':12,31 '311':7 '35':17 '36':36 'adresse':8 'centre':4 'courriel':18 'de':5,10 'direction':28 'générale':29 'montréal':11 'plainte':3 'services':6 't08':15 't16':34 'terminée':30 'ville':9",19-180406,Plainte,Centre de services 311,Adresse,,,,,Ville de Montréal,,,2019-06-03 08:10:35,Courriel,0,1,0,0,0,0,0,0,0,DIRECTION GÉNÉRALE,,,,,Terminée,2019-06-04 16:12:36
1056745,"-06':12 '-07':11,32 '-08':33 '-221864':2 '0':18,19,20,21,22,23,24,25 '02':36 '1':17 '19':1 '2019':10,31 '23':15 '51':35 '57':14 'adresse':6 'culture':29 'de':8,27 'la':28 'montréal':9 'métropolitain':5 'plainte':3 'service':26 't09':13 't13':34 'terminée':30 'téléphone':16 'ville':7 'événement':4",19-221864,Plainte,Événement métropolitain,Adresse,,,,,Ville de Montréal,,,2019-07-06 09:57:23,Téléphone,1,0,0,0,0,0,0,0,0,SERVICE DE LA CULTURE,,,,,Terminée,2019-07-08 13:51:02
1056750,"-07':13,32 '-13':14 '-14':33 '-231460':2 '0':20,21,22,23,24,25,26,27 '04':17 '05':36 '1':19 '19':1 '2019':12,31 '311':7 '41':35 '42':16 'adresse':8 'centre':4 'de':5,10 'direction':28 'générale':29 'montréal':11 'plainte':3 'services':6 't09':15 't16':34 'terminée':30 'téléphone':18 'ville':9",19-231460,Plainte,Centre de services 311,Adresse,,,,,Ville de Montréal,,,2019-07-13 09:42:04,Téléphone,1,0,0,0,0,0,0,0,0,DIRECTION GÉNÉRALE,,,,,Terminée,2019-07-14 16:41:05
1056751,"-02':45 '-07':22 '-14':23 '-20':46 '-231865':2 '0':29,30,31,32,33,34,35,36 '04':48 '1':28 '13':25 '17':49 '19':1,26 '2019':21 '2025':44 'actif':40 'avenue':10,16 'beaugrand':15 'central':8 'collectifs':42 'cyclable':5 'de':19 'division':37 'du':38 'et':41 'honoré':14 'honoré-beaugrand':13 'montréal':20 'plainte':3 'planification':6 'rue':12 'service':7 'souligny':11,17 't09':24 't14':47 'terminée':43 'transport':39 'troncon':9 'téléphone':27 'ville':18 'voie':4",19-231865,Plainte,Voie cyclable - Planification - Service central,Troncon,avenue Souligny,rue Honoré-Beaugrand,avenue Souligny,,Ville de Montréal,,,2019-07-14 09:13:19,Téléphone,1,0,0,0,0,0,0,0,0,DIVISION DU TRANSPORT ACTIF ET COLLECTIFS,,,,,Terminée,2025-02-20 14:04:17
1056792,"-04':33 '-08':12 '-11':11 '-12':32 '-358369':2 '0':18,19,20,21,22,23,24,25 '02':15 '1':17 '19':1 '2019':10,31 '38':35 '39':14 '46':36 'adresse':6 'affaires':28 'cour':4 'de':8 'des':27 'juridiques':29 'montréal':9 'municipale':5 'plainte':3 'service':26 't14':34 't17':13 'terminée':30 'téléphone':16 'ville':7",19-358369,Plainte,Cour municipale,Adresse,,,,,Ville de Montréal,,,2019-11-08 17:39:02,Téléphone,1,0,0,0,0,0,0,0,0,SERVICE DES AFFAIRES JURIDIQUES,,,,,Terminée,2019-12-04 14:38:46
1056818,"-02':13,32 '-06':14 '-10':33 '-45609':2 '0':20,21,22,23,24,25,26,27 '04':17 '09':36 '1':19 '19':1 '2019':12,31 '311':7 '38':35 '39':16 'adresse':8 'centre':4 'de':5,10 'direction':28 'générale':29 'montréal':11 'plainte':3 'services':6 't12':34 't18':15 'terminée':30 'téléphone':18 'ville':9",19-45609,Plainte,Centre de services 311,Adresse,,,,,Ville de Montréal,,,2019-02-06 18:39:04,Téléphone,1,0,0,0,0,0,0,0,0,DIRECTION GÉNÉRALE,,,,,Terminée,2019-02-10 12:38:09
1056835,"-03':13,32 '-15':14 '-16':33 '-95253':2 '0':20,21,22,23,24,25,26,27 '1':19 '19':1 '2019':12,31 '23':36 '311':7 '37':17,35 '43':16 'adresse':8 'centre':4 'de':5,10 'direction':28 'générale':29 'montréal':11 'plainte':3 'services':6 't11':34 't19':15 'terminée':30 'téléphone':18 'ville':9",19-95253,Plainte,Centre de services 311,Adresse,,,,,Ville de Montréal,,,2019-03-15 19:43:37,Téléphone,1,0,0,0,0,0,0,0,0,DIRECTION GÉNÉRALE,,,,,Terminée,2019-03-16 11:37:23
1056862,"-07':13,14,32 '-150501':2 '-23':33 '0':20,21,22,23,24,25,26,27 '08':16 '1':19 '20':1,35 '2020':12,31 '21':36 '311':7 '38':17 'adresse':8 'centre':4 'de':5,10 'direction':28 'générale':29 'montréal':11 'plainte':3 'services':6 't12':15 't18':34 'terminée':30 'téléphone':18 'ville':9",20-150501,Plainte,Centre de services 311,Adresse,,,,,Ville de Montréal,,,2020-07-07 12:08:38,Téléphone,1,0,0,0,0,0,0,0,0,DIRECTION GÉNÉRALE,,,,,Terminée,2020-07-23 18:20:21
1057103,"-09':13,14,32 '-13':33 '-246888':2 '0':20,21,22,23,24,25,26,27 '1':19 '14':16 '2021':12,31 '21':1 '31':35 '311':7 '44':17 '48':36 'adresse':8 'centre':4 'de':5,10 'direction':28 'générale':29 'montréal':11 'plainte':3 'services':6 't12':15 't13':34 'terminée':30 'téléphone':18 'ville':9",21-246888,Plainte,Centre de services 311,Adresse,,,,,Ville de Montréal,,,2021-09-09 12:14:44,Téléphone,1,0,0,0,0,0,0,0,0,DIRECTION GÉNÉRALE,,,,,Terminée,2021-09-13 13:31:48
1056935,"-01':32,33 '-11':13 '-27':14 '-302709':2 '0':20,21,22,23,24,25,26,27 '07':36 '1':19 '20':1 '2020':12 '2021':31 '30':35 '31':17 '311':7 '58':16 'adresse':8 'centre':4 'de':5,10 'direction':28 'générale':29 'montréal':11 'plainte':3 'services':6 't11':15,34 'terminée':30 'téléphone':18 'ville':9",20-302709,Plainte,Centre de services 311,Adresse,,,,,Ville de Montréal,,,2020-11-27 11:58:31,Téléphone,1,0,0,0,0,0,0,0,0,DIRECTION GÉNÉRALE,,,,,Terminée,2021-01-01 11:30:07
1056936,"-01':14 '-05':33 '-12':13,32 '-305066':2 '0':20,21,22,23,24,25,26,27 '1':19 '20':1 '2020':12,31 '311':7 '32':36 '33':16 '44':17 '56':35 'adresse':8 'centre':4 'de':5,10 'direction':28 'générale':29 'montréal':11 'plainte':3 'services':6 't09':15 't13':34 'terminée':30 'téléphone':18 'ville':9",20-305066,Plainte,Centre de services 311,Adresse,,,,,Ville de Montréal,,,2020-12-01 09:33:44,Téléphone,1,0,0,0,0,0,0,0,0,DIRECTION GÉNÉRALE,,,,,Terminée,2020-12-05 13:56:32
1056942,"-07':14 '-12':13,32 '-23':33 '-309688':2 '0':20,21,22,23,24,25,26,27 '20':1 '2020':12,31 '22':35 '3':19 '311':7 '35':17 '43':16 '51':36 'adresse':8 'centre':4 'de':5,10 'direction':28 'générale':29 'montréal':11 'plainte':3 'services':6 't11':15 't18':34 'terminée':30 'téléphone':18 'ville':9",20-309688,Plainte,Centre de services 311,Adresse,,,,,Ville de Montréal,,,2020-12-07 11:43:35,Téléphone,3,0,0,0,0,0,0,0,0,DIRECTION GÉNÉRALE,,,,,Terminée,2020-12-23 18:22:51
1057029,"-01':12 '-06':11,32 '-135326':2 '-25':33 '0':18,19,20,21,22,23,24,25 '06':14 '1':17 '2021':10,31 '21':1 '28':35 '35':36 '42':15 'adresse':6 'affaires':28 'cour':4 'de':8 'des':27 'juridiques':29 'montréal':9 'municipale':5 'plainte':3 'service':26 't12':13 't15':34 'terminée':30 'téléphone':16 'ville':7",21-135326,Plainte,Cour municipale,Adresse,,,,,Ville de Montréal,,,2021-06-01 12:06:42,Téléphone,1,0,0,0,0,0,0,0,0,SERVICE DES AFFAIRES JURIDIQUES,,,,,Terminée,2021-06-25 15:28:35
1057055,"-07':11,32 '-09':12 '-181416':2 '-23':33 '0':18,19,20,21,22,23,24,25 '1':17 '2021':10,31 '21':1 '35':36 '46':14 '48':15 '56':35 'adresse':6 'affaires':28 'cour':4 'de':8 'des':27 'juridiques':29 'montréal':9 'municipale':5 'plainte':3 'service':26 't13':34 't16':13 'terminée':30 'téléphone':16 'ville':7",21-181416,Plainte,Cour municipale,Adresse,,,,,Ville de Montréal,,,2021-07-09 16:46:48,Téléphone,1,0,0,0,0,0,0,0,0,SERVICE DES AFFAIRES JURIDIQUES,,,,,Terminée,2021-07-23 13:56:35
1057062,"-01':12 '-08':36 '-17':37 '-19444':2 '-26':13 '0':19,20,21,22,23,24,25,26 '1':18 '2021':11 '2022':35 '21':1 '32':15 '39':40 '50':16 '54':39 'adresse':7 'central':6 'communications':33 'de':9 'des':28,32 'et':31 'humaines':30 'internet':4 'montréal':10 'plainte':3 'portail':5 'ressources':29 'service':27 't15':38 't17':14 'terminée':34 'téléphone':17 'ville':8",21-19444,Plainte,Internet - Portail central,Adresse,,,,,Ville de Montréal,,,2021-01-26 17:32:50,Téléphone,1,0,0,0,0,0,0,0,0,SERVICE DES RESSOURCES HUMAINES ET DES COMMUNICATIONS,,,,,Terminée,2022-08-17 15:54:39
1057080,"-01':13,32 '-02':14,33 '-217':2 '0':20,21,22,23,24,25,26,27 '1':19 '17':16 '2021':12,31 '21':1 '26':36 '311':7 '42':35 '58':17 'adresse':8 'centre':4 'de':5,10 'direction':28 'générale':29 'montréal':11 'plainte':3 'services':6 't10':15 't11':34 'terminée':30 'téléphone':18 'ville':9",21-217,Plainte,Centre de services 311,Adresse,,,,,Ville de Montréal,,,2021-01-02 10:17:58,Téléphone,1,0,0,0,0,0,0,0,0,DIRECTION GÉNÉRALE,,,,,Terminée,2021-01-02 11:42:26
1057107,"-09':13,32 '-14':14 '-17':33 '-252313':2 '0':20,21,22,23,24,25,26,27 '1':19 '17':36 '20':17,35 '2021':12,31 '21':1 '23':16 '311':7 'adresse':8 'centre':4 'de':5,10 'direction':28 'générale':29 'montréal':11 'plainte':3 'services':6 't11':34 't18':15 'terminée':30 'téléphone':18 'ville':9",21-252313,Plainte,Centre de services 311,Adresse,,,,,Ville de Montréal,,,2021-09-14 18:23:20,Téléphone,1,0,0,0,0,0,0,0,0,DIRECTION GÉNÉRALE,,,,,Terminée,2021-09-17 11:20:17
1057114,"-09':13 '-10':40 '-12':41 '-24':14 '-263104':2 '0':20,21,22,23,24,25,26,27 '09':17 '1':19 '20':44 '2021':12,39 '21':1 '28':16 '311':7 '45':43 'adresse':8 'centre':4,35 'citoyenne':32 'de':5,10,29,36 'direction':28 'du':34 'et':33 'expérience':31 'l':30 'montréal':11 'plainte':3 'services':6,37 't10':42 't15':15 'terminée':38 'téléphone':18 'ville':9",21-263104,Plainte,Centre de services 311,Adresse,,,,,Ville de Montréal,,,2021-09-24 15:28:09,Téléphone,1,0,0,0,0,0,0,0,0,DIRECTION DE L EXPÉRIENCE CITOYENNE ET DU CENTRE DE SERVICES,,,,,Terminée,2021-10-12 10:45:20
1057120,"-10':13,40 '-17':14 '-19':41 '-283564':2 '0':20,21,22,23,24,25,26,27 '1':19 '2021':12,39 '21':1 '311':7 '33':17 '40':44 '48':43 '50':16 'adresse':8 'centre':4,35 'citoyenne':32 'de':5,10,29,36 'direction':28 'du':34 'et':33 'expérience':31 'l':30 'montréal':11 'plainte':3 'services':6,37 't12':42 't13':15 'terminée':38 'téléphone':18 'ville':9",21-283564,Plainte,Centre de services 311,Adresse,,,,,Ville de Montréal,,,2021-10-17 13:50:33,Téléphone,1,0,0,0,0,0,0,0,0,DIRECTION DE L EXPÉRIENCE CITOYENNE ET DU CENTRE DE SERVICES,,,,,Terminée,2021-10-19 12:48:40
1057144,"-02':11,32 '-12':12,33 '-31767':2 '0':18,19,20,21,22,23,24,25 '1':17 '18':15 '2021':10,31 '21':1 '49':35 '54':36 '58':14 'adresse':6 'affaires':28 'cour':4 'de':8 'des':27 'juridiques':29 'montréal':9 'municipale':5 'plainte':3 'service':26 't14':13 't15':34 'terminée':30 'téléphone':16 'ville':7",21-31767,Plainte,Cour municipale,Adresse,,,,,Ville de Montréal,,,2021-02-12 14:58:18,Téléphone,1,0,0,0,0,0,0,0,0,SERVICE DES AFFAIRES JURIDIQUES,,,,,Terminée,2021-02-12 15:49:54
1057149,"-01':40 '-06':14 '-12':13 '-17':41 '-324533':2 '0':20,21,22,23,24,25,26,27 '04':43 '1':19 '13':17 '2021':12 '2022':39 '21':1 '311':7 '36':16 '48':44 'adresse':8 'centre':4,35 'citoyenne':32 'de':5,10,29,36 'direction':28 'du':34 'et':33 'expérience':31 'l':30 'montréal':11 'plainte':3 'services':6,37 't09':15 't16':42 'terminée':38 'téléphone':18 'ville':9",21-324533,Plainte,Centre de services 311,Adresse,,,,,Ville de Montréal,,,2021-12-06 09:36:13,Téléphone,1,0,0,0,0,0,0,0,0,DIRECTION DE L EXPÉRIENCE CITOYENNE ET DU CENTRE DE SERVICES,,,,,Terminée,2022-01-17 16:04:48
1057192,"-03':13,32 '-06':14 '-07':33 '-47954':2 '0':20,21,22,23,24,25,26,27 '1':19 '17':16 '20':17 '2021':12,31 '21':1 '311':7 '50':36 '53':35 'adresse':8 'centre':4 'de':5,10 'direction':28 'générale':29 'montréal':11 'plainte':3 'services':6 't09':15,34 'terminée':30 'téléphone':18 'ville':9",21-47954,Plainte,Centre de services 311,Adresse,,,,,Ville de Montréal,,,2021-03-06 09:17:20,Téléphone,1,0,0,0,0,0,0,0,0,DIRECTION GÉNÉRALE,,,,,Terminée,2021-03-07 09:53:50
1057204,"-03':11 '-06':32 '-22':12 '-25':33 '-58796':2 '0':18,19,20,21,22,23,24,25 '1':17 '15':14 '2021':10,31 '21':1 '25':15 '36':35 '44':36 'adresse':6 'affaires':28 'cour':4 'de':8 'des':27 'juridiques':29 'montréal':9 'municipale':5 'plainte':3 'service':26 't09':13 't15':34 'terminée':30 'téléphone':16 'ville':7",21-58796,Plainte,Cour municipale,Adresse,,,,,Ville de Montréal,,,2021-03-22 09:15:25,Téléphone,1,0,0,0,0,0,0,0,0,SERVICE DES AFFAIRES JURIDIQUES,,,,,Terminée,2021-06-25 15:36:44
1057206,"-03':13,32 '-22':14 '-23':33 '-59231':2 '0':20,21,22,23,24,25,26,27 '04':16 '1':19 '2021':12,31 '21':1,17 '25':36 '311':7 '43':35 'adresse':8 'centre':4 'de':5,10 'direction':28 'générale':29 'montréal':11 'plainte':3 'services':6 't11':34 't12':15 'terminée':30 'téléphone':18 'ville':9",21-59231,Plainte,Centre de services 311,Adresse,,,,,Ville de Montréal,,,2021-03-22 12:04:21,Téléphone,1,0,0,0,0,0,0,0,0,DIRECTION GÉNÉRALE,,,,,Terminée,2021-03-23 11:43:25
1057225,"-03':33 '-04':13 '-05':32 '-27':14 '-94351':2 '0':20,21,22,23,24,25,26,27 '01':16 '1':19 '20':35 '2021':12,31 '21':1 '311':7 '43':36 '48':17 'adresse':8 'centre':4 'de':5,10 'direction':28 'générale':29 'montréal':11 'plainte':3 'services':6 't09':34 't17':15 'terminée':30 'téléphone':18 'ville':9",21-94351,Plainte,Centre de services 311,Adresse,,,,,Ville de Montréal,,,2021-04-27 17:01:48,Téléphone,1,0,0,0,0,0,0,0,0,DIRECTION GÉNÉRALE,,,,,Terminée,2021-05-03 09:20:43
1057229,"-03':33 '-04':13 '-05':32 '-30':14 '-98009':2 '0':20,21,22,23,24,25,26,27 '05':17,36 '1':19 '20':16 '2021':12,31 '21':1 '311':7 '50':35 'adresse':8 'centre':4 'de':5,10 'direction':28 'générale':29 'montréal':11 'plainte':3 'services':6 't14':34 't15':15 'terminée':30 'téléphone':18 'ville':9",21-98009,Plainte,Centre de services 311,Adresse,,,,,Ville de Montréal,,,2021-04-30 15:20:05,Téléphone,1,0,0,0,0,0,0,0,0,DIRECTION GÉNÉRALE,,,,,Terminée,2021-05-03 14:50:05
1057230,"-04':12 '-08':36 '-17':37 '-30':13 '-98025':2 '0':19,20,21,22,23,24,25,26 '07':40 '1':18 '2021':11 '2022':35 '21':1 '25':15 '32':16 '48':39 'adresse':7 'central':6 'communications':33 'de':9 'des':28,32 'et':31 'humaines':30 'internet':4 'montréal':10 'plainte':3 'portail':5 'ressources':29 'service':27 't15':14,38 'terminée':34 'téléphone':17 'ville':8",21-98025,Plainte,Internet - Portail central,Adresse,,,,,Ville de Montréal,,,2021-04-30 15:25:32,Téléphone,1,0,0,0,0,0,0,0,0,SERVICE DES RESSOURCES HUMAINES ET DES COMMUNICATIONS,,,,,Terminée,2022-08-17 15:48:07
1058729,"-01':44 '-03':22 '-101354':2 '-21':23 '-26':45 '-73.59660883':38 '0':14,29,30,31,32,33,34,35,36 '11':26,48 '19':1 '2019':21 '2023':43 '22':47 '297252.4969999989':40 '3':28 '33':25 '45.518709659':39 '5042092.41399946':41 'arrondissement':7 'avenue':11 'horne':13 'hutchison':10 'info':5 'info-travaux':4 'intersection':8 'le':16 'mont':19 'outremont':15,37 'plainte':3 'plateau':18 'plateau-mont-royal':17 'royal':20 'rue':9 't15':46 't20':24 'terminée':42 'travaux':6 'téléphone':27 'van':12",19-101354,Plainte,Info-travaux - Arrondissement,Intersection,,rue Hutchison,avenue Van Horne,0,Outremont,Le Plateau-Mont-Royal,,2019-03-21 20:33:11,Téléphone,3,0,0,0,0,0,0,0,0,OUTREMONT,-73.59660883,45.51870966,297252.497,5042092.414,Terminée,2023-01-26 15:22:11
1056711,"-05':10 '-09':31 '-170615':2 '-20':32 '-25':11 '0':17,18,19,20,21,22,23,24 '05':34 '08':13 '1':16 '19':1 '20':35 '2019':9,30 '53':14 'adresse':5 'de':7,26 'environnement':28 'l':27 'montréal':8 'plainte':3 'service':25 't11':12,33 'terminée':29 'téléphone':15 'ville':6 'écocentre':4",19-170615,Plainte,Écocentre,Adresse,,,,,Ville de Montréal,,,2019-05-25 11:08:53,Téléphone,1,0,0,0,0,0,0,0,0,SERVICE DE L ENVIRONNEMENT,,,,,Terminée,2019-09-20 11:05:20
1056714,"-05':10 '-09':31 '-171118':2 '-20':32 '-26':11 '0':17,18,19,20,21,22,23,24 '03':34 '1':16 '12':13 '19':1,35 '2019':9,30 '57':14 'adresse':5 'de':7,26 'environnement':28 'l':27 'montréal':8 'plainte':3 'service':25 't11':33 't16':12 'terminée':29 'téléphone':15 'ville':6 'écocentre':4",19-171118,Plainte,Écocentre,Adresse,,,,,Ville de Montréal,,,2019-05-26 16:12:57,Téléphone,1,0,0,0,0,0,0,0,0,SERVICE DE L ENVIRONNEMENT,,,,,Terminée,2019-09-20 11:03:19
1062534,"-01':26,52 '-09':27 '-10482':2 '-18':53 '-73.587369357':46 '0':13,33,34,35,36,37,38,39,40 '1':32 '19':1,30 '2019':25,51 '24':29,55 '297979.9129999996':48 '45.564909327':47 '46':56 '5047225.81399946':49 'boulevard':7 'bélanger':12 'déneigement':5 'extension':24 'intersection':6 'ix':10 'la':15,42 'michel':22 'opération':4 'parc':23 'patrie':18,45 'petite':17,44 'petite-patrie':16,43 'pie':9 'pie-ix':8 'plainte':3 'rosemont':14,41 'rue':11 'saint':21 't12':54 't19':28 'terminée':50 'téléphone':31 'villeray':20 'villeray-saint-michel-parc-extension':19",19-10482,Plainte,Opération déneigement,Intersection,,boulevard Pie-IX,rue Bélanger,0,Rosemont - La Petite-Patrie,Villeray-Saint-Michel-Parc-Extension,,2019-01-09 19:24:19,Téléphone,1,0,0,0,0,0,0,0,0,ROSEMONT - LA PETITE-PATRIE,-73.58736936,45.56490933,297979.913,5047225.814,Terminée,2019-01-18 12:24:46
1074044,"-01':26,55 '-03':27 '-1153':2 '-29':56 '-73.50931072520706':49 '0':12,33,34,35,36,37,38,39,40 '1':32 '19':1 '20':30 '2019':25,54 '27':59 '304073.443945994':51 '45.58374199703121':50 '46':58 '5049315.053328143':52 '54':29 'adresse':7 'aux':19,47 'dame':11 'des':15,43 'dépôt':4 'hochelaga':23 'illégal':5 'maisonneuve':24 'mercier':22 'mercier-hochelaga-maisonneuve':21 'neige':6 'notre':10 'notre-dame':9 'plainte':3 'pointe':18,46 'pointe-aux-trembles':17,45 'prairies':16,44 'rivière':14,42 'rivière-des-prairies':13,41 'rue':8 't09':28 't15':57 'terminée':53 'trembles':20,48 'téléphone':31",19-1153,Plainte,Dépôt Illégal - Neige,Adresse,rue Notre-Dame,,,0,Rivière-des-Prairies - Pointe-aux-Trembles,Mercier-Hochelaga-Maisonneuve,,2019-01-03 09:54:20,Téléphone,1,0,0,0,0,0,0,0,0,RIVIÈRE-DES-PRAIRIES - POINTE-AUX-TREMBLES,-73.50931073,45.583742,304073.4439,5049315.053,Terminée,2019-01-29 15:46:27
1085979,"-01':21,45 '-11':22 '-12622':2 '-16':46 '-73.59768262302178':39 '0':10,28,29,30,31,32,33,34,35 '08':24 '09':48 '11':49 '15':25 '19':1 '2':27 '2019':20,44 '297172.4977017734':41 '45.547479742793016':40 '5045289.765932733':42 'adresse':7 'ahuntsic':11,37 'ahuntsic-cartierville':36 'cartierville':12,38 'collecte':4 'de':5 'déchets':6 'fleury':9 'h2b3b1':19 'la':15 'patrie':18 'petite':17 'petite-patrie':16 'plainte':3 'rosemont':14 'rosemont-la':13 'rue':8 't10':23 't11':47 'terminée':43 'téléphone':26",19-12622,Plainte,Collecte de déchets,Adresse,rue Fleury,,,0,Ahuntsic - Cartierville,Rosemont-La Petite-Patrie,H2B3B1,2019-01-11 10:08:15,Téléphone,2,0,0,0,0,0,0,0,0,AHUNTSIC-CARTIERVILLE,-73.59768262,45.54747974,297172.4977,5045289.766,Terminée,2019-01-16 11:09:11
1091459,"-04':26 '-05':55 '-08':56 '-131202':2 '-23':27 '-73.60951783808484':49 '0':13,33,34,35,36,37,38,39,40 '1':32 '19':1 '2019':25,54 '23':58 '296259.32952327165':51 '34':59 '45.619839904720905':50 '5053332.493005949':52 '51':29 '53':30 'activités':7 'aux':20,47 'boulevard':9 'des':16,43 'duplessis':12 'et':5 'installation':8 'loisirs':6 'maurice':11 'maurice-duplessis':10 'montréal':23 'montréal-nord':22 'nord':24 'plainte':3 'pointe':19,46 'pointe-aux-trembles':18,45 'prairies':17,44 'rivière':15,42 'rivière-des-prairies':14,41 'sports':4 't13':57 't14':28 'terminée':53 'trembles':21,48 'téléphone':31",19-131202,Plainte,Sports et loisirs - Activités,Installation,boulevard Maurice-Duplessis,,,0,Rivière-des-Prairies - Pointe-aux-Trembles,Montréal-Nord,,2019-04-23 14:51:53,Téléphone,1,0,0,0,0,0,0,0,0,RIVIÈRE-DES-PRAIRIES - POINTE-AUX-TREMBLES,-73.60951784,45.6198399,296259.3295,5053332.493,Terminée,2019-05-08 13:23:34