BOROUGH,theft_acts_per_capita,break_in_acts_per_capita,misdemeanor_acts_per_capita,death_acts_per_capita
Ahuntsic-Cartierville,0.006642726251699474,0.0019359224448779334,0.0015960276644795177,0.0
Anjou,0.01230256920195176,0.0016881344957565387,0.0022200124875702424,4.6250260157713385e-05
Côte-des-Neiges-Notre-Dame-de-Grâce,0.005100156522044987,0.001635567436379944,0.001875919640292409,5.862248875913778e-06
L'Île-Bizard-Sainte-Geneviève,0.0031241726237754832,0.0010590415673815197,0.0013238019592268996,0.0
LaSalle,0.005472122575545692,0.0014835532315923877,0.0017753997689548245,3.648081717030461e-05
Lachine,0.005341604204359438,0.002003101576634789,0.0022184888429396055,4.3077453260963214e-05
Le Plateau-Mont-Royal,0.0052545528432234225,0.004422896997533384,0.0029674992675758176,1.890126922022814e-05
Le Sud-Ouest,0.005499509183588992,0.0035244166380849883,0.0030158598748713824,2.3653802940167705e-05
Mercier-Hochelaga-Maisonneuve,0.007758111884630974,0.0036977251879084386,0.003036401260070968,7.1110099767469975e-06
Montréal-Nord,0.007810468967232201,0.0023849623040318297,0.0021023838319901436,3.3909416645002316e-05
Outremont,0.0030451906289333712,0.0012180762515733485,0.0018677169190791344,0.0
Pierrefonds-Roxboro,0.0024580148333380692,0.0013213605751470547,0.0010087806541445256,0.0
Rivière-des-Prairies-Pointe-aux-Trembles,0.006623989031044737,0.0015934630955799927,0.0019269786272130146,1.8528640646278987e-05
Rosemont-La Petite-Patrie,0.005613025604140664,0.0022988019434043425,0.0023975234992560626,0.0
Saint-Laurent,0.0074531849878555195,0.0014984721460471677,0.001341769176525895,0.0
Saint-Léonard,0.008453361846657022,0.0019749669790552864,0.0017988552739165986,2.5158815019812566e-05
Verdun,0.0038648990437216706,0.0022734700257186296,0.0018471943958963866,0.0
Ville-Marie,0.012854474767495044,0.0061556639731666415,0.008537886872998933,3.8115566397316666e-05
Villeray-Saint-Michel-Parc-Extension,0.006575229168102557,0.0018678061892618374,0.002405403542628713,6.892273761113791e-06
