borough,criminal_acts,total_area (ha),green_area (ha),green_area (%),total_pop,num_schools,residents_per_school
Ahuntsic-Cartierville,1396,2420,205.9126685377451,8.50878795610517,135336,27,5012.444444444444
Anjou,710,1370,62.08372619837502,4.5316588465967165,43243,8,5405.375
Côte-des-Neiges-Notre-Dame-de-Grâce,1485,2140,84.58972600771193,3.9527909349398103,170583,36,4738.416666666667
L'Île-Bizard-Sainte-Geneviève,107,2360,43.28190708490171,1.8339791137670216,18885,3,6295.0
LaSalle,737,1630,120.19114367320316,7.373689795902035,82235,21,3915.9523809523807
Lachine,448,1770,84.16700699583679,4.75519813535801,46428,13,3571.3846153846152
LePlateau-Mont-Royal,1359,810,67.47519035727285,8.33027041447813,105813,20,5290.65
LeSud-Ouest,1033,1570,187.50882519022488,11.943237273262731,84553,21,4026.3333333333335
Mercier-Hochelaga-Maisonneuve,2081,2540,191.26315639042215,7.530045527181975,140627,31,4536.354838709677
Montréal-Nord,1106,1110,38.083751144125785,3.4309685715428633,88471,17,5204.176470588235
Outremont,153,390,18.26088592026936,4.682278441094708,24629,6,4104.833333333333
Pierrefonds-Roxboro,340,2710,135.72410586916462,5.008269589268067,70382,12,5865.166666666667
Rivière-des-Prairies-Pointe-aux-Trembles,1116,4230,210.26267352733237,4.970748783152065,107941,24,4497.541666666667
Rosemont-LaPetite-Patrie,1488,1590,97.44101666301653,6.128365827862674,141813,32,4431.65625
Saint-Laurent,1070,4280,147.24441510928662,3.4402900726468837,102104,15,6806.933333333333
Saint-Léonard,995,1350,87.50632833133513,6.481950246765565,79495,11,7226.818181818182
Verdun,571,970,222.4872950522272,22.93683454146672,70377,15,4691.8
Ville-Marie,2957,1650,64.90358721639831,3.933550740387776,104944,9,11660.444444444443
Villeray-Saint-Michel-Parc-Extension,1595,1650,89.1508296178042,5.403080582897225,145090,34,4267.35294117647
