Borough,Complaints,Adjusted Complaints,Requests,Adjusted Requests,Comments,Adjusted Comments,Information
Côte-des-Neiges-Notre-Dame-de-Grâce,"1,786",0,"1,788",4,707,0,0
Ville-Marie,"1,534",5,"2,477",13,"1,118",2,0
Verdun,555,0,"1,152",2,475,0,0
Montréal-Nord,739,1,"1,403",3,425,2,0
LePlateau-Mont-Royal,"1,915",21,"2,289",51,"1,288",28,0
Villeray-Saint-Michel-Parc-Extension,"1,468",11,"2,267",47,"1,006",19,0
Rivière-des-Prairies-Pointe-aux-Trembles,"1,209",0,"2,397",0,844,2,0
Ahuntsic-Cartierville,"2,510",4,"2,367",16,"1,365",2,0
LaSalle,466,1,913,5,564,0,0
Outremont,251,1,411,3,164,1,0
Mercier-Hochelaga-Maisonneuve,"1,398",5,"2,512",12,"1,484",6,0
L'Île-Bizard-Sainte-Geneviève,345,0,448,0,93,0,0
Rosemont-LaPetite-Patrie,"1,269",6,"2,231",21,"3,096",7,0
Pierrefonds-Roxboro,741,0,955,0,985,0,0
Anjou,463,0,816,1,457,0,0
Lachine,301,0,971,3,251,0,0
Saint-Léonard,533,0,970,2,309,2,0
LeSud-Ouest,620,2,"1,677",10,597,5,0
Saint-Laurent,319,0,"3,315",0,219,1,0
Not Boroughs,2,53,23,425,2,103,0
Total,"18,424",110,"31,382",618,"15,449",180,0