borough,census_year,median_monthly_shelter_cost_2br_cad,median_monthly_shelter_cost_3br_cad,renter_households_spending_30pct_or_more_pct,median_annual_renter_household_income_before_tax_cad,income_reference_year,budget_2000_minus_median_2br_cad,budget_3000_minus_median_2br_cad,budget_2000_minus_median_3br_cad,budget_3000_minus_median_3br_cad,renter_households_2016,renter_households_2021,renter_household_growth_2016_2021_pct
Ahuntsic-Cartierville,2021,900,1070,24.2,50000,2020,1100,2100,930,1930,35850,37260,3.93
Anjou,2021,870,990,21.5,54000,2020,1130,2130,1010,2010,10470,10605,1.29
Côte-des-Neiges-Notre-Dame-de-Grâce,2021,1010,1240,30.7,48800,2020,990,1990,760,1760,54995,57905,5.29
L'Île-Bizard-Sainte-Geneviève,2021,860,1030,28.8,50400,2020,1140,2140,970,1970,1795,1790,-0.28
LaSalle,2021,900,1020,24.8,53200,2020,1100,2100,980,1980,19990,21730,8.7
Lachine,2021,840,960,23.7,49200,2020,1160,2160,1040,2040,11415,12185,6.75
Le Plateau-Mont-Royal,2021,1260,1510,35.6,48400,2020,740,1740,490,1490,41070,41700,1.53
Le Sud-Ouest,2021,930,930,23.5,52400,2020,1070,2070,1070,2070,25975,28445,9.51
Mercier-Hochelaga-Maisonneuve,2021,860,990,23.0,50400,2020,1140,2140,1010,2010,43935,45745,4.12
Montréal-Nord,2021,775,920,24.5,50000,2020,1225,2225,1080,2080,25075,26005,3.71
Outremont,2021,1400,1700,32.5,67500,2020,600,1600,300,1300,4230,4190,-0.95
Pierrefonds-Roxboro,2021,930,1080,28.1,54400,2020,1070,2070,920,1920,7650,8365,9.35
Rivière-des-Prairies-Pointe-aux-Trembles,2021,800,910,24.6,50000,2020,1200,2200,1090,2090,15425,16615,7.71
Rosemont-La Petite-Patrie,2021,960,1140,27.1,48800,2020,1040,2040,860,1860,50755,51235,0.95
Saint-Laurent,2021,1030,1140,28.4,58800,2020,970,1970,860,1860,19080,20435,7.1
Saint-Léonard,2021,870,1040,20.4,60000,2020,1130,2130,960,1960,20075,20320,1.22
Verdun,2021,990,1100,26.4,56800,2020,1010,2010,900,1900,21365,21900,2.5
Ville-Marie,2021,1340,1320,39.7,44400,2020,660,1660,680,1680,37350,44540,19.25
Villeray-Saint-Michel-Parc-Extension,2021,850,980,23.5,50400,2020,1150,2150,1020,2020,46865,48045,2.52
