_id,CATEGORIE,DATE,QUART,PDQ,X,Y,LONGITUDE,LATITUDE
1,Vol de véhicule à moteur,2018-09-13,jour,30,294904.159001211,5047548.92099452,-73.626778,45.56778
2,Vol de véhicule à moteur,2018-04-30,jour,30,294904.159001211,5047548.92099452,-73.626778,45.56778
3,Vol de véhicule à moteur,2018-09-01,nuit,7,290274.565,5042150.474,-73.685928,45.519122
4,Méfait,2017-07-21,jour,21,,,,
5,Méfait,2017-07-29,jour,12,,,,
6,Vol de véhicule à moteur,2017-07-30,nuit,21,,,,
7,Méfait,2017-07-30,jour,38,297654.715002123,5041877.07300758,-73.591457,45.516776
8,Vols qualifiés,2017-07-30,jour,21,,,,
9,Vol dans / sur véhicule à moteur,2017-08-01,jour,39,294259.7809929971,5051449.99999856,-73.635117,45.602873
10,Méfait,2017-08-01,jour,21,,,,
11,Vol de véhicule à moteur,2017-08-01,jour,5,285957.555991756,5033790.67699391,-73.740866,45.443794
12,Introduction,2018-08-28,soir,7,290274.565,5042150.474,-73.685928,45.519122
13,Introduction,2018-01-10,jour,30,294670.696004792,5047694.59600339,-73.629772,45.569087
14,Méfait,2018-11-12,soir,30,294670.696004792,5047694.59600339,-73.629772,45.569087
15,Méfait,2018-08-15,jour,30,294670.696004792,5047694.59600339,-73.629772,45.569087
16,Introduction,2018-01-11,soir,30,294670.696004792,5047694.59600339,-73.629772,45.569087
17,Vol dans / sur véhicule à moteur,2017-08-02,soir,31,,,,
18,Vols qualifiés,2017-08-02,soir,21,300149.763999782,5041903.01200646,-73.559522,45.517031
19,Introduction,2017-08-03,jour,22,300495.602994482,5042438.087000409,-73.5551,45.521848
20,Introduction,2017-08-04,jour,48,302206.204009274,5050672.09400368,-73.533246,45.595949
21,Méfait,2017-08-04,nuit,21,,,,
22,Vols qualifiés,2017-08-21,nuit,48,,,,
23,Méfait,2017-08-21,soir,31,,,,
24,Vol de véhicule à moteur,2017-08-22,nuit,21,,,,
25,Introduction,2017-08-22,soir,39,294834.484990707,5050681.07299652,-73.627735,45.595963
26,Vol dans / sur véhicule à moteur,2017-08-23,nuit,21,,,,
27,Vols qualifiés,2017-08-23,nuit,21,,,,
28,Méfait,2017-08-23,jour,12,298266.06,5038914.047,-73.583593,45.49012
29,Introduction,2018-01-10,soir,30,294670.696004792,5047694.59600339,-73.629772,45.569087
30,Introduction,2018-01-10,jour,30,294670.696004792,5047694.59600339,-73.629772,45.569087
31,Introduction,2018-01-08,jour,30,294670.696004792,5047694.59600339,-73.629772,45.569087
32,Introduction,2018-09-14,soir,30,294670.696004792,5047694.59600339,-73.629772,45.569087
33,Méfait,2018-10-16,jour,8,292010.969,5032898,-73.663461,45.435898
34,Vol dans / sur véhicule à moteur,2018-09-05,jour,38,297929.906991944,5042565.5789987,-73.587945,45.522974
35,Vol dans / sur véhicule à moteur,2017-08-25,jour,22,300675.216008065,5042710.09899459,-73.552803,45.524296
36,Introduction,2017-08-25,soir,16,301261.624,5036460.927,-73.545251,45.468067
37,Introduction,2017-09-09,soir,39,294259.7809929971,5051449.99999856,-73.635117,45.602873
38,Introduction,2017-09-10,soir,35,297269.069,5044288.756,-73.59643,45.538473
39,Introduction,2018-02-17,jour,21,300632.000006946,5041019.99999493,-73.553342,45.509088
40,Vol dans / sur véhicule à moteur,2018-10-28,jour,21,300632.000006946,5041019.99999493,-73.553342,45.509088
41,Introduction,2017-09-11,jour,39,293808.437991022,5049462.50000765,-73.640859,45.584982
42,Méfait,2017-09-09,jour,38,,,,
43,Vol dans / sur véhicule à moteur,2017-09-11,soir,7,290109.1,5042399.839,-73.688054,45.521362
44,Introduction,2017-09-13,nuit,21,300166.671000758,5041928.88200528,-73.559306,45.517264
45,Vol dans / sur véhicule à moteur,2017-09-12,jour,31,295933.861997108,5045137.95800047,-73.613543,45.546099
46,Méfait,2017-09-13,jour,7,291073.469,5041533.5,-73.675685,45.513586
47,Vol dans / sur véhicule à moteur,2017-09-14,jour,44,299537.390996449,5048547.43100403,-73.567431,45.576815
48,Vol de véhicule à moteur,2017-09-15,nuit,27,292211.629997582,5046759.25000326,-73.661252,45.560631
49,Introduction,2016-07-29,soir,7,291448.766,5041195.963,-73.670873,45.510556
50,Introduction,2016-07-30,jour,38,299198.426991791,5040863.06699252,-73.571687,45.507666
51,Méfait,2016-07-30,soir,33,295536.084990686,5043174.65799787,-73.6186,45.528427
52,Méfait,2016-09-04,jour,38,297184.15700536,5042137.38200092,-73.597484,45.519114
53,Vol de véhicule à moteur,2016-09-05,soir,7,286683.843467,5042287.046616,-73.731895,45.520267
54,Vol de véhicule à moteur,2018-12-31,nuit,9,291612.37499176693,5035291.00000714,-73.66862,45.457424
55,Vol dans / sur véhicule à moteur,2018-07-08,jour,5,281251.562992611,5035832.500001489,-73.80112,45.462024
56,Introduction,2018-08-17,soir,4,280815.902485229,5039045.95103698,-73.806848,45.490925
57,Vol dans / sur véhicule à moteur,2018-01-08,jour,27,294163.348,5045419.469,-73.636222,45.548607
58,Introduction,2018-11-12,soir,27,294163.348,5045419.469,-73.636222,45.548607
59,Introduction,2018-12-22,soir,27,294163.348,5045419.469,-73.636222,45.548607
60,Méfait,2018-10-24,jour,27,294163.348,5045419.469,-73.636222,45.548607
61,Vol de véhicule à moteur,2017-08-01,jour,5,282756.530993636,5038387.499991,-73.781991,45.485064
62,Vol dans / sur véhicule à moteur,2017-08-03,jour,45,296483.624,5055233.772,-73.606674,45.636951
63,Vol dans / sur véhicule à moteur,2017-08-03,soir,21,,,,
64,Vol dans / sur véhicule à moteur,2017-08-04,jour,5,280103,5036564,-73.815844,45.468567
65,Introduction,2017-08-21,jour,7,284797.844,5039000,-73.755902,45.490637
66,Vol dans / sur véhicule à moteur,2017-08-21,jour,7,284797.844,5039000,-73.755902,45.490637
67,Introduction,2017-08-23,jour,7,285593.476,5039039.189,-73.745725,45.491012
68,Introduction,2017-08-23,jour,39,295136.089,5054000.09,-73.623934,45.625832
69,Introduction,2017-08-23,jour,16,298044.531003317,5033271.9999938095,-73.586349,45.439348
70,Vol de véhicule à moteur,2017-08-24,jour,27,292364.4799998211,5048228.03300227,-73.659332,45.57385
71,Introduction,2017-08-24,jour,39,295293.737,5054154.659,-73.621916,45.627225
72,Introduction,2017-08-25,jour,27,292147.721997885,5047324.81699164,-73.662086,45.565719
73,Introduction,2017-08-25,jour,5,283286.536,5038196.645,-73.775202,45.483363
74,Vol dans / sur véhicule à moteur,2017-08-25,jour,21,,,,
75,Vol dans / sur véhicule à moteur,2017-08-25,jour,5,279054.587,5035900.977,-73.829217,45.462563
76,Introduction,2017-08-25,soir,23,301167.086996645,5044717.60999346,-73.546521,45.542364
77,Introduction,2017-08-25,soir,39,294215.524255,5052767.662175,-73.635713,45.614729
78,Vols qualifiés,2018-09-14,soir,27,294163.348,5045419.469,-73.636222,45.548607
79,Introduction,2018-06-18,jour,24,295435.804,5041998.158,-73.619861,45.517839
80,Introduction,2018-11-08,soir,24,295435.804,5041998.158,-73.619861,45.517839
81,Vol dans / sur véhicule à moteur,2018-05-15,jour,49,305817.012,5061470.687,-73.486942,45.693121
82,Vol dans / sur véhicule à moteur,2018-02-02,soir,42,298486.799993551,5048362.9369970495,-73.580891,45.575146
83,Introduction,2018-07-18,soir,42,298486.799993551,5048362.9369970495,-73.580891,45.575146
84,Introduction,2018-01-11,soir,5,281017.468999025,5033190.99999115,-73.803986,45.438247
85,Vol de véhicule à moteur,2018-02-03,nuit,46,300206.96900415,5052306.49999714,-73.558887,45.610645
86,Méfait,2017-08-26,jour,5,282404.78100616205,5037605.00000028,-73.786455,45.478012
87,Vol de véhicule à moteur,2017-08-26,soir,5,279357.875009506,5035896.50000631,-73.825338,45.462534
88,Vol dans / sur véhicule à moteur,2017-09-09,nuit,7,287244.719005969,5038838.4999963,-73.724592,45.48925
89,Introduction,2017-09-09,nuit,38,297681.811998965,5042182.07500744,-73.591115,45.519521
90,Méfait,2017-09-09,soir,1,276530.594007481,5034618.99999322,-73.861418,45.45093
91,Méfait,2017-09-10,jour,23,301474.086997528,5044587.27399344,-73.542589,45.541192
92,Introduction,2017-09-11,jour,5,282109.687992077,5037403.00000111,-73.79022,45.476184
93,Vol dans / sur véhicule à moteur,2017-09-08,soir,5,280570.40600696,5036988.50000142,-73.809887,45.472403
94,Introduction,2017-09-11,jour,5,281902.87500761,5037668.50000678,-73.792877,45.478567
95,Vol dans / sur véhicule à moteur,2017-09-12,jour,48,302411.88200858,5051990.61100514,-73.530617,45.607814
96,Méfait,2017-08-16,nuit,5,282109.687992077,5037403.00000111,-73.79022,45.476184
97,Méfait,2017-08-16,jour,3,277733.688002735,5038853.50000087,-73.84627,45.489081
98,Vol dans / sur véhicule à moteur,2017-08-17,nuit,33,294589.972003439,5043059.52100791,-73.63071,45.527378
99,Introduction,2018-09-25,jour,46,300206.96900415,5052306.49999714,-73.558887,45.610645
100,Introduction,2018-04-21,soir,24,295946.812991168,5041673.49999772,-73.613314,45.514925
