borough,total_area (ha),green_area (ha),green_area (%)
Côte-des-Neiges-Notre-Dame-de-Grâce,2144.0,84.58972600771193,3.945416324986564
Ville-Marie,1652.0,64.90358721639831,3.9287885724212055
Montréal-Nord,1105.0,38.083751144125785,3.4464933162104785
Mercier-Hochelaga-Maisonneuve,2541.0,191.26315639042215,7.527082109028814
Pierrefonds-Roxboro,2706.0,135.72410586916462,5.015672796347547
Rivière-des-Prairies-Pointe-aux-Trembles,4228.0,210.26267352733237,4.973100130731607
Lachine,1772.0,84.16700699583679,4.7498310945731825
Saint-Laurent,4277.0,147.24441510928662,3.4427031823541414
Rosemont-La Petite-Patrie,1585.0,97.44101666301651,6.147698212177698
Ahuntsic-Cartierville,2416.0,205.9126685377451,8.52287535338349
Le Plateau-Mont-Royal,813.0000000000001,67.47519035727285,8.299531409258652
Verdun,971.5,222.48729505222718,22.90141997449585
LaSalle,1627.0,120.19114367320316,7.387286027855142
Villeray-Saint-Michel-Parc-Extension,1648.9999999999998,89.1508296178042,5.406357162996011
Anjou,1368.0,62.08372619837502,4.538284078828584
Le Sud-Ouest,1568.0,187.50882519022488,11.958470994274546
L'Île-Bizard-Sainte-Geneviève,2360.0,43.28190708490171,1.8339791137670216
Saint-Léonard,1349.0,87.50632833133513,6.486755250654939
Outremont,385.0,18.26088592026936,4.743087252018015
