borough,total_pop,num_schools,residents_per_school
Villeray-Saint-Michel-Parc-Extension,145090,34,4267.35294117647
Mercier-Hochelaga-Maisonneuve,140627,31,4536.354838709677
Côte-des-Neiges-Notre-Dame-de-Grâce,170583,36,4738.416666666667
Ahuntsic-Cartierville,135336,27,5012.444444444444
Rivière-des-Prairies-Pointe-aux-Trembles,107941,24,4497.541666666667
Montréal-Nord,88471,17,5204.176470588235
Rosemont-La Petite-Patrie,141813,32,4431.65625
Le Plateau-Mont-Royal,105813,20,5290.65
Lachine,46428,13,3571.3846153846152
Ville-Marie,104944,9,11660.444444444445
LaSalle,82235,21,3915.9523809523807
Anjou,43243,8,5405.375
Saint-Léonard,79495,11,7226.818181818182
Saint-Laurent,102104,15,6806.933333333333
Verdun,70377,15,4691.8
Le Sud-Ouest,84553,21,4026.3333333333335
Outremont,24629,6,4104.833333333333
Pierrefonds-Roxboro,70382,12,5865.166666666667
L'Île-Bizard-Sainte-Geneviève,18885,3,6295.0
