"Géographie","Frais de logement médian 2016 ($)","Frais de logement médian 2021 ($)","Variation 2016-2021 (%)","Couples sans enfants","Couples avec enfants","Familles monoparentales","Personnes seules"
"Ville de Montréal","770","870",13,"990","990","900","775"
"Ahuntsic-Cartierville","715","800",11.9,"900","950","890","710"
"Anjou","774","850",9.8,"890","970","900","750"
"Côte-des-Neiges-Notre-Dame-de-Grâce","795","900",13.2,"980","1030","940","795"
"Île-Bizard-Sainte-Geneviève","788","840",6.6,"840","1000","930","750"
"LaSalle","786","880",12,"930","1010","950","760"
"Lachine","715","810",13.3,"900","950","860","730"
"Plateau-Mont-Royal","885","1020",15.3,"1250","1370","1000","880"
"Sud-Ouest","729","860",18,"1100","930","745","780"
"Mercier-Hochelaga-Maisonneuve","721","810",12.3,"920","980","870","725"
"Montréal-Nord","714","785",9.9,"820","870","830","710"
"Outremont","1186","1360",14.7,"1390","1640","1570","1210"
"Pierrefonds-Roxboro","808","910",12.6,"970","970","960","830"
"Rivière-des-Prairies-Pointe-aux-Trembles","733","800",9.1,"860","900","840","740"
"Rosemont-La Petite-Patrie","734","840",14.4,"990","1040","910","755"
"Saint-Laurent","859","970",12.9,"990","1070","1000","850"
"Saint-Léonard","804","870",8.2,"890","960","920","750"
"Verdun","809","950",17.4,"1030","1170","980","850"
"Ville-Marie","898","1120",24.7,"1340","1400","1000","980"
"Villeray-Saint-Michel-Parc Extension","708","810",14.4,"900","890","830","705"