"Géographie","Tous_les_menages_Total","Tous_les_menages_30pct","Tous_les_menages_50pct","Couples_sans_enfants_Total","Couples_sans_enfants_30pct","Couples_sans_enfants_50pct","Couples_avec_enfants_Total","Couples_avec_enfants_30pct","Couples_avec_enfants_50pct","Familles_monoparentales_Total","Familles_monoparentales_30pct","Familles_monoparentales_50pct","Personnes_seules_Total","Personnes_seules_30pct","Personnes_seules_50pct","Autres_Total","Autres_30pct","Autres_50pct"
"Ville de Montréal",519020,27.5,10.8,79660,15.1,4.9,79230,9.5,3.4,57715,19,6.2,253950,39.4,16,48465,25,10.9
"Ahuntsic-Cartierville",37260,24.2,8.2,4800,14.1,4.5,7020,9.5,2.9,4220,17.5,5.3,18985,34.5,12.3,2240,16.1,3.6
"Anjou",10605,21.5,6.2,1480,8.8,2,2355,6.4,1.5,1510,18.5,4.3,4660,35.2,11.1,605,12.4,3.3
"Côte-des-Neiges-Notre-Dame-de-Grâce",57905,30.7,13.2,8165,18.8,6.6,10175,11.8,4.6,6055,23.8,8.9,26645,43.6,19.3,6865,28.9,14
"Île-Bizard-Sainte-Geneviève",1790,28.8,9.8,245,14.3,4.1,285,14,0,345,17.4,4.3,825,44.8,16.4,95,0,0
"LaSalle",21730,24.8,8.5,3230,15.2,4.3,3835,8,3,3340,21.3,5.5,9495,36.8,13.4,1830,20.8,7.1
"Lachine",12185,23.7,7.9,1700,8.2,2.1,1645,6.1,2.7,2005,15.7,4.7,5920,36.9,12.7,925,15.7,4.3
"Plateau-Mont-Royal",41700,35.6,17,7500,17.9,6.1,2690,12.1,5.8,1875,24.3,9.1,23890,43.1,21.1,5750,41.7,21.9
"Sud-Ouest",28445,23.5,9.1,4975,12.1,3.4,2925,8,3.8,3270,11.5,4,14650,33.4,13.3,2620,22.1,8
"Mercier-Hochelaga-Maisonneuve",45745,23,7.6,7055,9.7,2.6,5685,6.6,2.1,5040,15.8,5,23565,34,11.5,4405,14.9,4.3
"Montréal-Nord",26005,24.5,7.8,2840,13.9,4.6,5450,6.5,2.3,4985,14.9,4.1,10820,43.2,14,1910,10.7,2.4
"Outremont",4190,32.5,15.6,725,20.7,8.3,890,12.9,5.6,410,35.4,20.7,1840,45.1,22,330,34.8,16.7
"Pierrefonds-Roxboro",8365,28.1,9.6,1180,22.5,6.4,1965,11.7,4.3,1565,22.7,6.7,3245,43.9,15.7,405,19.8,7.4
"Rivière-des-Prairies-Pointe-aux-Trembles",16615,24.6,9,2360,14.4,3.4,2325,5.6,1.9,3200,12.3,3.4,7840,40.5,16,895,5.6,0
"Rosemont-La Petite-Patrie",51235,27.1,9.5,8165,12.9,3.5,4925,7.6,2.9,4180,17.7,5.6,29880,36.6,13.4,4095,18.6,5.6
"Saint-Laurent",20435,28.4,10.4,2730,24.7,7.3,6245,12.2,3.6,2810,28.8,8,7065,45.4,19.2,1585,22.4,7.3
"Saint-Léonard",20320,20.4,6.3,2800,11.2,3.6,6265,7.5,2.1,3040,17.4,4.8,7135,38.2,12.1,1075,10.2,4.2
"Verdun",21900,26.4,9.7,4510,13.7,5,2775,12.1,4.7,2255,22.2,6.9,10510,38,14.1,1840,17.7,6.8
"Ville-Marie",44540,39.7,21.3,7965,21.5,9.4,3050,22.3,9.8,2110,30.1,18.2,25505,47.1,25.6,5905,44.8,25.3
"Villeray-Saint-Michel-Parc Extension",48045,23.5,7.9,7225,12.4,3.1,8730,8,2.7,5505,16.6,4.5,21495,37,13.3,5095,16,4.7