"Géographie","Nombre de ménages","Moins de 20 000$","20 000$ à 29 999$","30 000$ à 39 999$","40 000$ à 49 999$","50 000$ à 59 999$","60 000$ à 69 999$","70 000$ à 79 999$","80 000$ à 89 999$","90 000$ à 99 999$","100 000$ à 109 999$","110 000$ à 119 999$","120 000$ à 129 999$","130 000$ à 139 999$","140 000$ à 149 999$","150 000$ et plus","Revenu médian ($)"
"Ville de Montréal",519020,58475,77525,60705,58420,50240,43250,37110,30655,23650,18545,14415,10490,7935,6080,21550,50800
"Ahuntsic-Cartierville",37260,3815,5925,4485,4455,3580,3265,2755,2210,1775,1325,970,585,565,395,1150,50000
"Anjou",10605,740,1465,1270,1345,1080,860,795,725,615,445,315,315,170,100,330,54000
"Côte-des-Neiges-Notre-Dame-de-Grâce",57905,7860,8745,6665,6320,5510,4520,4085,3300,2625,1835,1535,1125,720,635,2425,48800
"Île-Bizard-Sainte-Geneviève",1790,185,255,235,215,180,155,155,95,85,80,35,25,25,0,0,50400
"LaSalle",21730,1845,2930,2635,2740,2165,2165,1650,1385,875,820,650,440,375,280,760,53200
"Lachine",12185,1285,1940,1415,1615,1215,1040,860,765,500,370,275,210,210,120,340,49200
"Plateau-Mont-Royal",41700,6490,6190,4555,4230,3360,3160,2680,2285,1635,1315,1135,845,750,580,2500,48400
"Sud-Ouest",28445,3150,4330,3170,2895,2630,2305,2000,1590,1245,1065,810,590,525,460,1670,52400
"Mercier-Hochelaga-Maisonneuve",45745,4480,6930,5660,5690,4895,3950,3500,2385,2130,1720,1290,870,630,450,1155,50400
"Montréal-Nord",26005,2230,4255,3385,3130,2855,2255,1955,1590,1200,885,655,470,395,205,500,50000
"Outremont",4190,275,440,350,395,380,325,310,230,275,145,130,155,125,95,555,67500
"Pierrefonds-Roxboro",8365,635,1210,970,955,960,690,700,515,445,340,260,170,115,110,265,54400
"Rivière-des-Prairies-Pointe-aux-Trembles",16615,1295,2755,2115,2140,1785,1485,1125,1110,670,550,450,305,220,135,450,50000
"Rosemont-La Petite-Patrie",51235,5400,8270,6365,6135,5120,4255,3460,2900,2155,1795,1260,975,715,500,1915,48800
"Saint-Laurent",20435,1650,2405,2295,2030,2115,1925,1620,1510,1160,900,760,510,290,285,960,58800
"Saint-Léonard",20320,1265,2635,2040,2195,1985,1950,1750,1525,1250,965,800,500,435,320,700,60000
"Verdun",21900,1910,2890,2230,2345,2235,1980,1555,1475,1155,915,760,535,360,275,1285,56800
"Ville-Marie",44540,8940,6650,4835,4040,3535,2880,2445,2195,1625,1315,1120,945,545,570,2905,44400
"Villeray-Saint-Michel-Parc Extension",48045,4990,7295,6025,5555,4645,4095,3720,2840,2235,1770,1215,915,755,555,1435,50400