"Géographie","Studio (aucune chambre)","1 chambre","2 chambres","3 chambres","4 chambres ou plus"
"Ville de Montréal","695","780","920","1040","1340"
"Ahuntsic-Cartierville","580","700","900","1070","1270"
"Villeray-Saint-Michel-Parc Extension","592","705","850","980","1250"
"Rosemont-La Petite-Patrie","628","750","960","1140","1340"
"Mercier-Hochelaga-Maisonneuve","608","710","860","990","1150"
"Plateau-Mont-Royal","770","930","1260","1510","1980"
"Ville-Marie","860","1070","1340","1320","1570"
"Côte-des-Neiges-Notre-Dame-de-Grâce","645","800","1010","1240","1530"
"Sud-Ouest","665","780","930","930","745"
"Rivière-des-Prairies-Pointe-aux-Trembles","650","700","800","910","990"
"Saint-Laurent","680","840","1030","1140","1500"
"Montréal-Nord","695","675","775","920","1230"
"Saint-Léonard","624","695","870","1040","1300"
"Verdun","770","870","990","1100","1360"
"LaSalle","604","730","900","1020","1360"
"Lachine","568","705","840","960","1210"
"Pierrefonds-Roxboro","680","800","930","1080","1310"
"Anjou","564","695","870","990","1200"
"Outremont","nd","1180","1400","1700","1920"
"Île-Bizard-Sainte-Geneviève","nd","720","860","1030","1600"