"Géographie","N_2016","N_2021","Variation_pct"
"Ville de Montréal",493365,519020,5.2
"Ahuntsic-Cartierville",35850,37260,3.9
"Anjou",10470,10605,1.3
"Côte-des-Neiges-Notre-Dame-de-Grâce",54995,57905,5.3
"Île-Bizard-Sainte-Geneviève",1795,1790,-0.3
"LaSalle",19990,21730,8.7
"Lachine",11415,12185,6.7
"Plateau-Mont-Royal",41070,41700,1.5
"Sud-Ouest",25975,28445,9.5
"Mercier-Hochelaga-Maisonneuve",43935,45745,4.1
"Montréal-Nord",25075,26005,3.7
"Outremont",4230,4190,-0.9
"Pierrefonds-Roxboro",7650,8365,9.3
"Rivière-des-Prairies-Pointe-aux-Trembles",15425,16615,7.7
"Rosemont-La Petite-Patrie",50755,51235,0.9
"Saint-Laurent",19080,20435,7.1
"Saint-Léonard",20075,20320,1.2
"Verdun",21365,21900,2.5
"Ville-Marie",37350,44540,19.3
"Villeray-Saint-Michel-Parc Extension",46865,48045,2.5