Borough,Count
Ahuntsic-Cartierville,27220
Anjou,6720
Côte-des-Neiges-Notre-Dame-de-Grâce,20996
L'Île-Bizard-Sainte-Geneviève,5034
LaSalle,9572
Lachine,9416
LePlateau-Mont-Royal,29259
LeSud-Ouest,18421
Mercier-Hochelaga-Maisonneuve,25321
Montréal-Nord,13065
Not-Borough,231
Outremont,4500
Pierrefonds-Roxboro,10615
Rivière-des-Prairies-Pointe-aux-Trembles,20352
Rosemont-LaPetite-Patrie,28067
Saint-Laurent,30661
Saint-Léonard,9135
Verdun,11243
Ville-Marie,21669
Villeray-Saint-Michel-Parc-Extension,24509
