ARRONDISSEMENT_GEO,ACTI_NOM,Count
Villeray-Saint-Michel-Parc-Extension,Signalisation-Circulation-Études,7
LePlateau-Mont-Royal,Feuxdecirculation-Entretien,6
Ville-Marie,Feuxdecirculation-Entretien,6
Rosemont-LaPetite-Patrie,Animalmort,5
Ahuntsic-Cartierville,Feuxdecirculation-Entretien,4
LeSud-Ouest,Feuxdecirculation-Entretien,4
Saint-Léonard,Opérationdéneigement,1
Mercier-Hochelaga-Maisonneuve,Taxesfoncières,1
Rivière-des-Prairies-Pointe-aux-Trembles,Changementd'adresse-Taxesfoncières,1
Outremont,RetourDDS,1
Verdun,Contrôleanimalier,1
Anjou,Nettoyagedudomainepublic,1
Côte-des-Neiges-Notre-Dame-de-Grâce,Feuxdecirculation-Entretien,1
